customer_id,y_pred
156446,0
148626,0
119200,0
104872,0
125830,0
152712,0
149318,0
97290,0
89995,0
82046,0
102152,0
94791,0
96954,0
153040,0
57335,0
74315,0
99903,0
114211,0
125402,0
91470,0
118001,0
57629,0
154407,0
114611,0
107044,0
64183,0
84811,0
157557,0
103585,0
74472,0
106158,0
90818,0
59060,0
101778,0
152954,0
88215,0
144354,0
133126,0
111226,0
109906,0
98218,0
135448,0
120243,0
100872,0
142977,0
104288,0
75227,0
77879,0
111268,0
157486,0
128796,0
128681,0
104664,0
146579,0
151847,0
150918,0
157258,1
123015,0
127548,0
144434,0
124598,0
108615,0
154118,0
71291,0
72416,0
87496,0
68376,0
122079,0
139828,0
121775,0
79591,0
65048,0
61321,0
121140,0
104514,0
130065,0
86151,0
139703,0
94809,0
68434,0
92657,0
75998,0
108242,0
105269,0
58365,0
94945,0
151653,0
69532,0
85882,0
123802,0
80508,0
70301,0
108381,0
89823,0
118685,0
102851,0
148408,0
69705,0
127306,0
141121,0
57810,0
70799,1
78144,0
121296,0
94565,0
135963,0
83323,0
124163,0
77864,0
84538,0
73770,0
129967,0
144130,0
120727,1
154834,0
70724,0
131419,0
74988,0
143727,0
72839,0
129617,0
77647,0
155456,0
89795,0
84927,0
56440,0
66943,0
141348,0
78656,1
78921,0
149828,0
142272,0
62067,0
68422,1
134637,0
56596,0
138924,0
154419,0
125575,0
59671,0
108386,0
64454,0
83528,0
156056,0
132782,0
88381,0
149405,0
63725,0
75843,0
132218,0
91763,0
85038,0
115027,0
79522,0
95087,0
87210,0
157622,0
151858,0
83754,0
78499,0
100793,0
64792,0
117823,0
143083,0
156582,0
103893,0
93747,0
81905,1
156867,0
72190,0
146487,0
83986,0
106922,0
138946,0
106347,0
128992,0
141626,0
87435,0
76725,0
66223,0
74996,0
102155,0
130081,0
71626,0
142698,0
100510,0
126119,0
151257,0
110446,0
88978,0
134980,0
142630,0
129922,0
80003,0
101858,0
153058,0
79073,0
139372,0
149194,0
138926,0
126926,0
147465,0
152198,0
114924,0
80581,0
80244,1
90642,0
86404,1
126844,0
63949,0
150838,0
116991,0
84728,0
116713,0
150064,0
81106,0
66484,0
82116,0
66794,0
117224,0
106772,0
114725,0
127297,0
105304,0
108497,0
82695,0
86031,0
127701,0
121499,0
63830,0
95708,0
62153,0
112232,0
155727,0
96528,0
102212,0
92543,1
140306,0
117933,0
108179,0
95719,0
152778,0
103634,0
138698,0
84548,0
131856,0
60708,0
71394,0
145074,0
64214,0
149103,0
136844,0
139477,0
98871,0
57285,0
81480,0
118150,0
94471,0
83677,0
121608,0
143253,1
144111,0
74617,0
131333,0
73837,0
112006,0
138119,0
157716,0
155473,1
120515,0
98429,1
76838,0
62970,0
87830,0
78677,0
149473,0
83950,0
88416,0
149346,0
132052,0
62049,1
104048,0
62043,0
119013,0
64923,0
134397,0
130874,0
113680,1
92455,0
114905,0
144171,0
140526,0
109850,0
154110,0
112093,1
70458,0
80972,0
158071,0
62988,1
91522,0
94490,0
58709,0
152112,0
130185,0
74879,0
61851,0
114544,0
120565,0
93594,0
57651,1
114372,0
77849,0
62184,0
124383,0
105162,0
139285,0
61209,0
139944,0
117576,0
130592,0
95177,0
113793,0
126625,1
107855,0
135452,0
60779,0
98156,0
80726,1
89153,0
124919,0
110258,0
134906,0
119564,0
139862,0
71773,0
65649,0
124685,0
68586,0
84033,0
60499,0
152641,0
85457,0
131114,0
78556,1
62280,0
91298,0
144985,0
74754,0
155361,0
70596,0
79026,0
91957,0
111792,0
58422,1
80979,0
102967,0
64491,0
136180,1
63225,0
128590,0
81579,0
65451,0
78074,0
58307,0
74990,0
67131,0
75149,0
140684,0
77292,0
85395,0
56377,0
115977,0
142958,0
63104,0
132257,0
87406,0
59755,0
90663,0
93297,0
93239,0
126339,0
137705,0
73640,0
83061,0
145800,0
75298,0
77854,0
118146,0
122012,0
96419,0
77632,0
121867,0
148725,0
151517,0
73197,0
104333,0
81963,0
79530,0
56803,0
126026,0
79637,0
90825,0
74493,0
151353,0
103247,1
73062,0
108737,0
79888,0
148341,0
133745,0
58115,0
125618,0
106337,0
149076,0
93023,0
136199,0
87271,0
137966,0
145510,0
133271,0
88847,0
137835,0
136965,0
125139,0
71263,0
61075,1
96146,0
90548,0
58433,0
105155,0
107935,0
102733,0
87391,0
56682,0
113159,0
72849,0
156305,0
101288,0
123582,0
74537,0
128046,0
101697,0
85369,1
96054,0
69284,0
67096,0
58467,0
147147,0
155148,0
58242,0
83807,0
79044,0
60682,1
125431,0
142109,0
135820,0
118654,0
156188,0
112553,0
126719,0
82825,0
89948,0
102002,0
86485,0
155334,0
79581,0
81431,0
122345,0
105579,0
157189,0
87535,0
62300,0
111261,0
68707,0
92115,0
83558,0
125323,0
156322,0
95004,0
134034,0
77507,0
108400,0
143076,0
90101,0
77127,0
118240,0
97327,0
146638,0
57264,0
92004,0
126401,0
105453,0
94416,0
118403,0
119184,0
109924,0
155997,0
90310,0
94109,0
97262,0
131112,0
136674,0
81532,0
77214,0
130043,0
57738,0
148137,0
97660,0
91415,0
127577,0
69028,0
97571,0
135508,0
153709,0
121166,0
140722,0
60694,0
137694,0
105596,0
131262,0
59823,1
126275,0
101352,0
67709,0
57292,0
58211,0
64996,0
110324,0
157513,0
66010,0
149919,0
90212,0
112999,0
125031,0
94003,0
84444,0
153421,0
112348,0
79765,0
70089,0
143164,0
90808,0
98227,0
118995,0
118488,0
103044,0
106437,0
137842,0
131891,0
103506,0
62601,0
98866,0
156767,0
119147,0
140535,0
131291,0
132798,0
128778,0
57115,0
56824,1
118511,0
63179,0
100474,1
69581,0
58541,0
132594,0
107882,0
100626,0
100828,0
56284,0
85837,0
144136,0
145768,0
101350,0
113609,0
145634,0
105082,1
142776,0
144047,0
104142,0
107223,0
141311,0
145168,0
103013,0
65577,0
79441,0
85081,0
156425,0
141080,0
123296,0
106429,0
125757,0
136027,0
135677,0
117208,0
93144,0
56363,0
73638,0
95919,0
99942,0
138446,0
128246,0
57479,0
148887,0
107275,0
122094,0
102540,0
125768,0
148310,0
80820,0
105872,0
72703,0
155806,0
140782,0
102535,0
67137,1
58494,0
91001,0
99325,0
66057,0
108164,0
131637,0
146665,0
134831,0
95413,0
158039,1
140265,0
81859,1
130388,0
145711,1
110352,0
146038,0
84256,0
68940,0
82437,0
155400,0
136407,0
79669,0
102005,0
132936,0
135733,0
139688,0
116708,0
148855,0
114359,0
58108,0
84630,1
75739,0
65573,0
78878,1
125306,0
89974,0
75450,0
121880,0
90317,1
90978,0
75886,0
70385,0
124844,0
152841,0
131340,0
90404,0
127727,0
110893,0
103816,0
122924,0
67648,0
83710,0
85617,0
118958,0
107240,0
90416,0
109623,0
127059,0
112140,0
95301,0
118805,0
99136,0
76237,0
134706,1
141198,1
149945,0
111846,0
65234,0
101985,0
91670,0
131818,0
114571,0
66227,0
137888,0
142438,0
56557,0
155348,0
126811,0
65370,0
124363,0
142367,1
67408,0
100655,0
119748,0
128062,0
76261,0
140452,0
119456,0
78184,0
115540,0
90199,0
124866,0
113341,0
95244,1
109712,0
117578,0
109402,0
105111,0
113087,0
142154,0
98515,0
147092,0
111416,0
101198,0
73734,0
92577,0
57473,0
92002,0
56768,0
95509,0
123098,0
110085,0
104104,0
103440,0
116426,0
74295,0
109537,0
70938,1
113910,0
124847,0
134074,0
109117,0
116201,0
121292,0
71001,0
106594,0
133309,0
134393,0
123180,0
111737,0
148612,0
133069,0
93698,0
100884,0
107892,0
100257,0
89708,0
143340,0
142857,0
144795,0
114036,0
123354,0
74766,1
75756,0
153359,0
84819,0
62715,0
118968,0
146340,0
103945,0
86174,0
127918,0
88661,0
63291,0
57736,0
136389,0
139832,0
116292,0
62476,0
145281,0
135349,0
64241,0
76316,0
136349,0
150539,0
85247,0
62892,0
144387,0
94356,0
115097,0
117750,0
156567,0
57600,0
102463,0
128953,0
147610,0
123140,0
146391,0
107708,0
118342,0
131248,0
132688,0
100313,0
89001,1
96702,0
76269,0
122881,0
78880,0
131229,0
90850,0
101309,0
137592,0
130098,0
134491,0
154458,0
145200,0
101871,0
120118,1
142051,0
91479,0
143212,0
106913,0
84765,0
144514,0
133028,0
150242,0
116023,0
133066,0
83578,0
93199,0
137224,0
117272,0
121205,0
90219,1
97052,0
86843,0
76619,0
85794,0
74615,0
61811,0
133396,0
74372,0
155850,0
95396,0
93777,0
64308,0
68109,0
73468,0
71455,0
140519,0
110380,0
149479,0
136618,0
60484,0
56769,0
107420,0
63553,0
111693,0
128359,0
104263,0
101966,0
95510,0
152443,0
157455,0
88965,0
59127,0
83068,0
87772,0
155953,0
97489,0
110247,0
156578,0
73081,0
122133,0
115616,0
130816,0
142700,0
64354,0
67343,0
97275,0
85287,0
76389,0
110570,0
118660,0
157594,0
115231,0
80890,0
157764,0
79183,0
96375,0
58225,0
141556,0
69377,0
115113,0
104846,0
70297,0
96681,0
67086,0
78622,0
78944,0
152438,0
152915,0
144838,0
79825,0
141308,0
59485,0
58948,0
90213,0
129683,0
88692,0
146899,0
68298,0
148707,0
56640,0
144461,0
122040,0
140587,0
89969,0
61325,0
69004,0
133486,0
129682,0
113187,0
144309,0
111110,0
63510,0
138838,0
156007,1
129676,0
91318,0
58741,0
145471,0
115276,0
85987,0
64064,0
56873,0
142802,0
81746,0
106536,0
73342,0
138732,0
73377,0
84560,0
119170,0
71437,0
137850,0
124673,0
156811,0
152227,0
101747,1
121459,0
86146,0
132482,0
107749,0
89320,0
130409,0
141046,0
88264,0
73363,0
136269,0
59000,0
99189,0
61288,0
143325,0
119036,0
141517,0
76487,0
72946,0
110992,0
68335,0
111605,0
120517,1
117854,0
154211,0
157889,0
149468,0
109929,0
145129,0
135339,0
110503,0
123911,0
63546,0
133737,0
115473,0
151838,0
65171,0
126633,0
116710,0
111733,0
86076,0
139448,0
81032,0
126912,0
135092,0
89900,0
118258,0
153401,0
92752,0
91218,0
128958,0
131290,0
127682,0
64547,0
104551,0
113399,0
116424,1
82543,0
66777,0
76688,0
155660,0
125119,0
138893,0
144170,1
95197,0
84486,0
100151,0
104635,0
83139,0
114473,0
132015,1
134416,0
132924,0
154572,0
56599,0
115683,0
62209,0
133205,0
56527,0
148210,0
87026,0
84567,0
125642,0
112330,0
125054,0
73486,0
88462,0
79841,0
72408,0
94084,0
119043,0
66978,1
71142,0
144786,0
94335,0
69316,0
149794,0
150372,0
68621,0
152596,0
114156,0
151063,0
123187,0
61522,0
121057,0
148921,0
139864,0
121516,0
144616,0
94278,0
64339,0
80672,0
95000,0
145087,0
148507,0
144506,0
86150,0
77472,0
89115,0
111767,0
65594,0
77327,0
143851,0
137392,0
109425,0
61187,0
142636,0
143424,0
128970,0
141843,0
154465,0
94808,0
78615,0
122024,0
125355,0
98687,0
150801,0
146684,0
99190,0
136130,0
153818,0
68332,0
94601,0
84313,0
96333,0
63931,0
91920,0
118579,0
152428,0
94174,0
79939,0
86683,0
68249,0
116830,0
78392,0
115457,0
86215,0
93035,1
76464,0
119385,0
61174,0
146586,0
141712,0
94316,0
137861,0
92948,0
143876,0
125979,1
114135,0
85256,0
57934,0
124137,0
143193,0
111359,0
58844,1
119574,0
120880,0
61148,0
150270,0
143628,0
60846,0
132653,0
109555,0
117746,0
144485,0
89740,0
56393,0
83741,0
84051,0
127547,0
151150,0
147445,0
148664,0
70577,0
115664,0
113682,0
116472,0
112522,1
90475,0
84254,0
86780,0
83881,0
63932,0
92152,0
100578,0
125289,0
122434,0
151704,0
122511,0
85942,0
60949,0
66053,0
154472,0
146113,0
129474,0
89449,0
133180,1
97258,0
154107,0
62519,0
74167,0
122686,0
75797,0
81472,0
130465,1
60586,0
115017,0
89022,0
90657,0
69619,0
152613,0
98673,0
146148,0
125925,0
153949,0
108722,1
155971,0
123767,0
114875,0
97532,0
91713,0
145939,0
70178,0
61996,0
83104,1
153163,0
124099,0
111084,0
138643,0
128285,0
123372,0
58803,0
58325,0
74056,1
73227,0
125463,0
86666,0
138008,0
69559,0
154261,0
122416,0
144716,0
149711,0
120072,0
71583,0
122650,0
134683,0
110067,0
74408,0
151792,0
56486,0
93780,0
89266,0
141642,0
58599,0
144803,0
114910,0
142119,0
86369,0
80429,0
155621,0
132803,0
66231,0
75931,0
67699,0
110420,0
89741,0
64995,0
148366,0
93650,0
97564,0
154201,1
128396,0
157841,0
62938,0
85688,0
60154,0
118336,0
143389,0
66655,0
90986,0
95861,0
56797,0
79573,0
68601,0
84794,0
123809,0
71049,0
136818,0
119989,0
132207,0
105687,0
71834,0
153016,0
57974,1
95164,0
151985,0
75443,0
132642,0
70744,0
74271,0
130672,0
126975,0
83149,0
89636,0
145107,0
111976,1
124022,0
87409,0
107237,0
96105,0
85508,0
92471,0
118875,0
87916,0
145503,0
147307,0
141405,0
60672,0
106517,0
147390,0
155552,0
99714,0
74067,0
60421,0
135008,1
82350,0
116580,0
71678,0
129892,0
78143,0
126246,0
95437,0
138656,0
126300,0
147879,0
155325,0
123126,0
125892,0
105230,0
142936,0
70599,0
140516,0
92814,0
105234,1
153206,0
62885,0
157254,0
67819,0
118153,1
107869,0
68819,0
91366,0
113136,0
151370,0
120788,0
140840,0
68611,0
127539,0
151198,0
131681,0
107151,0
60400,0
116693,0
57972,0
132367,0
128738,0
147695,0
126164,0
140132,0
149963,0
87697,0
76393,0
62698,0
113512,0
158139,0
100646,0
73521,0
84289,0
56999,0
104837,0
76808,0
135429,0
83676,0
106042,0
63948,1
94703,0
87247,0
70432,1
90175,0
92874,0
69564,0
84650,0
119741,0
119476,0
74462,0
63769,0
148680,0
154496,0
64197,0
140205,0
86789,0
89970,0
74555,0
144962,0
73701,0
57874,0
129789,0
76730,1
141937,0
121362,0
65689,0
85168,0
126572,0
64027,1
94584,0
67283,0
141665,0
100164,0
107520,0
125441,0
127689,0
110286,0
86565,0
126824,0
114604,0
145771,0
100724,0
152358,0
140683,0
96519,0
135268,0
118542,0
125168,0
126737,0
62028,0
112821,0
105091,0
125641,0
144995,0
138784,0
95530,0
111578,0
74240,0
128818,0
122813,0
146818,0
88228,0
142987,0
103417,0
136821,0
136985,0
128687,0
142142,0
130611,0
110029,0
75195,0
143454,0
150783,0
106534,0
145094,0
129413,0
153663,0
142905,0
140819,1
118213,0
129056,0
110695,0
88233,0
76459,0
72022,0
110400,0
155844,0
115553,0
132611,0
139229,0
77381,0
92757,0
106686,0
116328,0
105655,0
101495,0
63414,0
155478,0
158079,0
122552,0
149360,1
98658,0
157784,0
107244,0
81471,1
115408,0
142889,0
78884,0
117204,0
100140,0
79550,1
149078,0
150387,0
143753,0
89490,0
68092,1
152039,0
154644,0
87050,0
58167,0
69480,0
128626,0
102880,0
147366,0
99603,0
148574,0
143161,1
119288,0
152826,0
110428,0
88279,0
148900,0
143247,0
68912,0
83154,0
61035,0
112448,0
122866,0
89325,0
150616,0
130264,0
104668,0
130302,0
150841,0
56389,0
90700,0
152069,0
58842,0
85135,0
152741,0
56371,0
153603,0
106205,0
113319,1
82304,0
110878,0
108791,0
98725,0
124460,0
152654,0
123470,0
58273,0
128089,0
116866,0
137312,0
144397,0
63298,0
107057,0
83121,0
61023,0
79240,0
73530,0
150997,0
151196,0
155688,0
126747,0
137548,0
129390,0
78780,0
96613,0
60280,0
77516,0
70045,0
73244,0
131806,0
87094,0
126864,0
106929,0
147779,0
153950,0
74351,0
110741,0
107509,0
82042,0
114927,0
156213,0
98372,0
66376,0
82220,0
80071,0
119845,0
148706,0
60740,0
95541,0
149939,1
158202,0
101400,0
144101,0
96219,0
70885,0
78988,0
74142,0
80668,0
98580,1
122033,0
151356,0
96982,0
110365,1
120572,0
112474,0
105603,0
104026,0
56733,0
102438,0
109332,0
96692,0
63473,0
107118,0
91347,0
79852,0
124056,0
96670,1
76148,0
98249,0
102209,0
78832,0
131713,0
83136,0
158095,0
71797,0
132401,0
78354,0
146213,1
103684,0
99910,0
102621,0
100370,0
155936,0
60813,0
74892,0
62674,0
140727,0
143777,0
111734,0
128229,0
64925,0
106959,0
149692,0
86134,0
67978,0
146958,0
58964,0
68187,0
145921,0
137467,0
69843,0
124228,0
144573,0
145780,0
58721,0
107265,0
66440,0
72499,0
89694,0
136560,0
87746,0
89901,0
86081,1
124150,0
131318,0
142451,0
141961,0
156412,0
76044,0
79849,0
152488,0
154828,0
81882,0
73637,0
118907,0
113288,0
119620,0
126352,0
143830,0
62183,0
105300,0
84227,0
116804,0
94187,0
69979,0
136324,0
65891,0
148716,0
142672,0
73080,0
105938,0
129732,0
142620,0
115238,0
93968,0
135809,0
74950,0
107785,0
110888,0
90524,0
66770,0
146980,1
99053,0
120282,0
100777,0
71730,0
87573,0
96619,1
96895,0
134036,0
90739,0
108045,0
105829,0
65383,0
57034,0
144422,0
104485,0
115606,0
134248,0
120691,0
111491,0
129009,0
66171,0
80477,0
153307,0
83858,0
148457,0
72547,0
129782,0
63219,0
64676,0
69221,0
70186,0
101397,0
77980,0
70286,0
65357,0
76846,0
66571,0
134345,0
68369,0
68758,0
103390,0
104400,0
137601,0
78086,0
87212,0
154033,0
83102,0
83637,0
69395,0
66802,0
122218,0
134133,0
129830,0
154371,0
59872,0
127877,0
157198,0
140220,0
83969,0
81089,0
101222,0
130003,0
81454,0
89890,0
119819,0
154728,1
157934,0
136183,0
149408,0
68808,0
88360,0
137178,0
98578,0
109290,1
144054,0
150220,0
152510,0
83667,0
152029,0
95501,0
117855,0
122963,0
79642,0
139070,1
112146,1
148208,0
117445,0
151874,0
108541,0
117845,0
128179,0
149498,0
90171,0
100146,0
95671,0
92437,0
67425,0
128711,0
146348,0
68171,0
113753,0
122459,0
97365,1
58704,1
66540,0
86867,0
86986,0
86285,0
67584,0
98880,0
153590,0
102007,0
138941,0
95427,0
96298,0
67041,0
95575,0
129329,0
154361,0
110532,0
153313,0
104306,0
155474,0
89923,0
82683,1
91456,0
63634,0
157517,0
62532,0
132884,0
63035,0
103149,0
99470,0
137221,0
65717,0
125245,0
58203,0
103282,0
154775,0
101525,0
105273,0
132105,0
140979,0
88302,0
99838,0
80248,0
136364,0
134444,1
141160,0
59630,0
88064,1
106170,0
157806,0
67288,0
57936,0
155174,0
154456,0
66498,0
118415,0
91986,0
76522,0
156775,0
74929,0
126364,0
98524,0
136277,0
155098,0
153982,0
143630,0
107838,0
146753,0
157077,0
139612,0
146203,0
79571,0
90761,0
82034,0
153322,0
98873,0
123895,0
77359,1
67181,0
133693,0
114824,0
138736,0
63724,0
81253,0
64279,0
129292,0
56923,0
95200,0
113395,0
156418,0
133934,0
61616,0
106591,1
87200,0
143257,0
100495,0
60988,0
86908,0
87865,0
155939,0
106230,0
148479,0
143872,0
105367,1
57523,0
139569,0
128376,0
139990,1
61045,0
106816,0
99326,0
71212,0
78141,0
68659,0
81658,0
65221,0
75971,0
92689,0
116122,0
115880,0
108545,0
109759,0
83728,0
126293,0
157395,0
104061,0
132303,0
150224,0
124788,0
114024,0
92175,0
56742,0
154807,0
119319,0
114217,0
98736,0
152237,1
109144,0
144409,0
136659,0
75153,0
91431,0
120478,0
143970,1
72057,0
76842,0
149625,0
150223,0
110857,0
99035,0
60202,0
81424,0
93553,0
90469,0
71144,0
89589,0
115996,1
58294,0
138541,0
112108,1
145027,0
61112,0
115792,0
104721,0
78744,0
74288,0
144221,0
124520,0
77134,0
155515,0
143589,0
136166,0
131228,0
68560,1
128987,0
96449,0
62109,0
155072,0
104120,0
64962,0
60897,0
97639,0
92296,0
61116,0
100556,0
110127,0
155353,1
140328,0
128249,0
103519,0
148531,0
132408,0
146465,0
123585,0
114732,0
108650,0
103957,0
155800,0
91038,0
58723,0
68735,0
127667,0
145468,0
125224,0
83745,0
101798,0
86658,0
57350,0
137243,0
147802,0
63317,0
89166,0
131430,0
131697,0
129313,0
79500,0
113711,0
106131,1
86218,0
81842,0
153791,0
57762,0
57003,0
90069,0
92918,0
97506,0
117439,0
135715,0
143885,1
88894,0
156518,0
106217,0
94640,0
91913,0
113754,0
66130,0
105006,0
103080,0
150362,1
119152,0
64939,0
80314,0
149054,0
129925,0
106953,0
134117,0
88476,1
62473,0
80899,0
88591,1
96312,0
118402,0
97117,0
143980,0
138114,0
116468,0
150140,0
144176,0
122285,0
145579,0
110372,0
96526,0
89810,0
76703,0
68698,0
115145,0
140325,0
157815,0
120211,0
135253,0
93911,0
74118,0
124827,0
97683,0
126218,0
62624,0
144726,0
113121,0
98702,0
148975,0
149047,0
153642,0
132309,0
62232,0
144628,0
108362,0
120457,1
125514,0
157824,0
82909,0
137828,0
92917,0
72036,0
86199,0
122704,0
120686,0
156650,0
131372,0
66190,0
69449,0
110378,1
101894,1
73977,0
113520,0
93713,0
74069,0
143831,0
107082,0
82939,0
115586,0
82762,0
85559,0
124902,0
137762,0
141450,0
97711,0
147428,0
91097,0
158098,0
80714,0
97005,0
121856,0
132205,0
58706,0
64170,0
77230,0
96694,0
150035,0
119334,0
117033,0
71890,0
104449,0
155717,0
152910,0
113253,0
130969,0
96834,0
87678,0
128960,0
73314,0
65598,0
119643,0
61783,0
140134,0
140485,0
110687,0
102169,0
79084,0
86055,0
82829,1
116160,0
102576,0
108012,0
128746,0
111831,1
73100,0
87763,0
119212,0
72429,0
144630,0
94556,0
142181,0
128735,0
117450,1
113899,0
100252,0
77423,0
67147,0
105486,0
134945,0
104399,0
78324,0
124089,0
112944,0
123388,0
69766,0
69610,0
124007,0
110095,0
83548,0
148684,0
78408,0
143469,0
73794,0
94836,0
113289,0
110272,0
80516,0
122915,0
137711,0
77531,0
90782,1
115734,0
60629,0
83301,0
85645,0
103832,0
133505,0
106783,0
73711,0
95900,0
122019,0
127567,0
61349,0
101584,0
60126,0
91980,0
109213,0
132675,0
92768,0
68502,0
87921,0
149396,0
63463,0
58856,1
133879,1
143969,1
88161,0
133986,0
123445,0
98618,1
72753,0
68625,0
148544,0
92767,0
116231,0
59211,0
79253,0
132109,0
155455,0
124557,0
65478,0
155251,1
99244,0
153605,0
155262,0
77584,0
63487,0
151432,0
69692,0
76560,0
127086,0
95795,0
88898,0
122740,0
64941,0
108720,0
93811,0
57233,0
56258,0
149834,0
119533,0
70658,0
144946,0
110175,0
84477,1
153350,0
123619,0
107670,0
99045,1
92698,0
136089,0
74375,0
127432,0
85250,0
108902,0
101010,0
155022,0
62027,0
96537,0
67571,0
82511,1
126801,0
112791,0
150938,0
60782,0
132065,0
75460,0
69514,0
158108,0
94953,0
154055,0
76674,0
154091,0
137602,0
125622,0
79222,0
105834,0
97882,0
136669,1
73880,0
130187,1
115225,0
154098,0
86576,1
101357,0
130585,0
78173,0
65968,0
139036,0
70271,0
80191,0
75039,0
85582,0
77784,0
63322,0
99686,0
98683,1
118672,0
116041,0
90362,0
126169,0
129719,0
132802,0
140866,0
95364,0
74456,0
137499,1
76481,0
107382,0
139784,0
81607,0
112839,0
92376,0
113888,0
127192,0
91287,0
82273,0
106972,1
132683,0
93484,0
66283,0
107483,0
103800,0
149437,0
67605,0
97283,0
108992,0
60660,0
115984,0
85199,0
105587,0
64116,0
78612,0
157000,0
110945,0
111060,0
86345,0
64561,0
74797,0
153799,0
91592,0
95157,0
57592,0
151009,0
124086,0
155779,0
68870,0
156817,0
104544,0
71100,0
69155,0
63386,0
83207,0
75344,0
98601,1
147436,0
143864,0
110153,0
67402,0
92823,0
89029,0
85498,0
90675,0
116714,0
61732,0
114154,0
60857,0
143655,0
126064,0
129644,0
92651,0
120642,1
87242,0
61817,0
59126,0
71508,0
86810,0
91417,1
64392,0
132308,0
92429,0
60351,0
119913,1
155441,0
135657,0
87373,0
130618,0
92764,0
103175,0
125010,0
78093,0
139028,0
87700,0
109593,0
61438,0
135951,0
120758,0
88559,0
152658,0
64990,0
71781,0
113444,0
142097,1
118878,0
124987,0
118798,0
111698,0
152101,0
122575,0
77938,0
133667,0
134383,0
89327,0
112769,0
135058,0
92794,0
107866,0
135610,0
67325,0
153811,0
154303,0
152076,0
99548,0
74561,0
57161,0
109636,0
89005,0
128625,0
74310,0
101028,0
85890,0
116778,0
145190,0
150211,0
75051,0
154707,0
134239,0
58341,0
141691,0
107707,0
141413,0
73543,0
77010,0
150524,0
148759,0
144694,0
145002,0
138933,1
154335,0
95360,0
100719,0
101107,0
127757,0
70847,0
60945,0
127484,0
158125,0
63493,0
137393,0
143155,0
138145,0
98911,0
126770,0
121846,1
100774,0
140888,0
132214,0
64085,0
93679,1
90838,0
79647,1
58056,0
157695,0
63262,0
78888,0
83192,0
120180,0
155837,0
88159,0
121263,0
115191,0
89360,0
67516,0
83110,0
100090,0
97362,0
69101,0
80838,0
113762,0
113232,0
111566,0
90549,0
73265,0
66723,0
145923,0
140422,0
89859,0
111293,0
132646,0
86203,0
151021,0
128678,0
138828,0
70766,0
84322,0
157471,0
57524,1
63453,0
63141,0
140671,0
114425,0
84958,0
89766,0
115895,0
137665,0
84798,0
109178,0
145234,0
75353,0
150114,0
60145,0
108546,0
140090,0
133466,0
146578,0
83060,0
150135,0
147444,0
86851,0
136200,0
60921,0
157287,0
157012,0
142577,0
117190,0
95499,0
83064,0
108109,0
114373,0
76757,0
152421,0
122860,0
110314,0
105201,0
147377,0
154942,0
61420,0
56546,0
156382,0
121783,0
96997,0
64661,1
64130,0
70717,1
89618,0
128807,0
129388,0
64168,0
108753,0
112053,0
134703,0
131648,0
58607,0
93218,0
67281,0
130461,1
87417,0
92053,0
155437,0
156130,0
71036,0
105003,0
142631,1
154829,0
89091,0
157900,0
112369,0
153213,0
87512,0
138313,0
57257,0
84822,0
100424,0
110613,0
120526,0
153291,0
94086,0
94459,0
97968,1
56920,0
87608,0
75659,0
64302,0
144491,0
153227,0
84858,0
66934,0
96659,0
150200,0
81524,0
125448,0
142300,0
121810,0
91221,0
67054,0
131487,0
63596,0
73021,0
94217,0
110883,0
135504,0
153554,0
112315,0
78455,0
122446,0
114943,0
98984,0
106462,0
67326,0
90855,0
78361,0
121256,0
142917,0
71946,0
61203,0
121084,0
126384,0
99434,0
112119,0
88153,0
77841,0
67903,0
95620,0
85869,0
118103,0
70976,0
71351,0
121956,0
89950,0
89268,0
105277,0
156081,0
155071,0
112883,1
111435,0
84601,0
66109,0
132765,0
101231,0
154931,0
81803,0
139825,0
63501,0
118502,0
135740,1
124336,0
119192,0
79175,0
142881,0
84582,1
102796,0
108639,0
131323,0
79995,0
74434,0
89730,0
70340,0
119626,0
156179,0
122358,0
157883,0
59511,0
88377,0
149561,0
116376,0
105252,0
85557,0
72643,0
125706,0
145982,0
107847,0
128327,0
84922,0
104885,0
68576,0
92209,0
154270,0
106333,0
58190,0
69521,0
134557,0
137586,0
87716,0
105535,0
99340,0
85820,0
146546,0
133826,0
94762,0
67037,0
114948,0
98013,0
71214,0
73518,0
89064,0
101776,0
67944,0
118742,1
142719,0
98944,0
117382,1
71349,0
125716,0
59670,0
115952,1
74098,0
84162,0
69994,0
66088,0
74068,0
142801,0
119788,0
148515,1
61923,0
124631,0
139233,0
123690,0
109852,0
146108,0
87127,0
114399,0
81453,0
121855,0
124094,0
139066,1
86935,0
66797,0
103687,0
108813,0
86584,0
65419,0
150365,0
69328,0
146531,0
155522,0
91974,0
152022,0
130824,0
156891,0
72545,0
151055,0
85094,0
118259,0
83791,0
65994,0
141510,0
130802,0
82148,0
59990,0
70366,0
104351,0
112987,0
129314,0
107825,0
64285,0
117237,0
69125,0
88874,0
148049,0
108676,0
137975,0
116614,0
99588,0
81392,0
96729,0
122270,0
111281,0
115973,0
58554,0
71711,0
128433,0
122339,0
74776,0
59923,0
96095,0
140854,0
104088,0
121821,0
150875,0
142602,0
142734,1
76612,0
100878,0
101675,0
120122,1
120079,1
122044,0
61471,1
114167,1
132307,0
73205,0
95362,0
102857,0
70830,0
102696,0
91294,0
90473,0
64098,0
100592,0
58614,0
56989,0
58284,0
139126,1
125723,0
116777,0
134564,0
64113,0
143695,0
106204,0
107218,1
136258,0
128313,0
82228,0
94653,0
131746,0
76138,1
77514,0
73017,0
148763,0
65499,0
120731,0
125173,0
118054,0
98525,0
123513,0
92613,0
113515,0
60346,0
135187,0
79251,0
86544,0
58588,0
150173,0
134568,0
75372,0
94236,0
131670,0
90812,0
146943,0
71064,1
148089,0
96265,0
137174,1
146013,0
102252,0
73983,0
81868,0
137629,0
131805,0
62017,0
149991,1
89084,0
150704,0
146804,0
96636,0
133419,0
134903,0
86952,0
96840,0
83249,0
95646,0
75706,0
115135,0
69881,0
148409,0
114597,0
114640,0
124790,0
62261,0
59236,0
108929,0
72274,0
77710,0
109052,0
89877,0
134747,0
111495,0
100698,0
96325,1
120630,0
118440,0
124643,0
127544,0
151628,0
95654,0
61428,0
83332,0
64586,0
91172,0
132376,0
73255,0
74812,0
125161,0
69245,0
93313,0
73273,0
109065,0
136433,0
118416,0
104711,0
57190,0
139367,0
121629,1
143056,0
113594,1
71244,0
100987,0
151425,0
149151,0
104196,1
82944,0
60349,0
92766,0
146511,1
93987,0
86390,1
142024,0
65547,0
66660,1
147165,0
138988,0
111414,0
106878,0
141612,0
146181,0
126699,0
115761,0
113602,0
65201,0
92695,0
142044,0
107594,0
63733,0
70549,0
74506,1
152373,1
144137,0
93244,0
102290,0
87114,0
96096,0
75484,0
89155,0
140008,0
94104,0
130009,0
64000,0
88912,0
145311,0
118551,1
100706,0
107221,0
143065,1
103322,0
98936,0
105504,0
131336,0
138524,0
138086,0
89291,0
124622,0
126390,0
91169,0
134855,0
66496,0
130079,0
56441,0
129354,0
76041,0
89220,0
67065,0
89193,0
64107,0
68084,0
117490,1
107864,0
133760,0
99466,1
97921,0
75288,1
143229,0
151644,0
132417,0
142085,0
105100,0
56314,0
88280,0
104401,0
124489,0
66362,1
123967,0
59132,0
58796,0
155609,0
85784,0
158023,0
58215,1
116458,0
83546,0
117489,0
153411,0
115760,0
147021,1
107363,0
121694,0
108706,0
109133,0
152084,0
150604,0
143413,0
73495,1
130917,0
98777,1
137610,0
155423,0
90403,0
77684,0
137150,0
107776,0
96352,0
108326,0
151098,0
150363,0
98026,0
93320,0
133142,0
133835,0
124639,0
101422,0
124882,0
90383,0
65635,0
147020,0
96060,0
116680,0
72088,0
142553,0
142539,0
122223,0
105058,0
108067,0
100784,1
81019,0
125476,0
60659,0
94734,0
150357,0
149812,0
88776,0
128325,0
147936,0
104320,1
79108,0
105978,0
112862,0
77241,0
93639,1
116678,0
76828,0
106949,0
56686,0
65766,0
139453,0
121406,0
113654,0
150415,0
138950,0
152547,0
101286,0
147263,0
78379,0
56946,0
119939,0
115349,0
82809,0
138475,0
99934,0
137791,0
141687,0
116871,0
154867,0
108807,0
64724,0
98190,0
113864,0
77203,0
62132,0
56753,0
88674,0
97093,0
56513,0
123436,1
92342,0
120020,0
134006,0
58983,0
71775,0
101340,0
110058,0
116659,0
75169,0
134686,0
131311,0
86370,0
107515,0
63202,0
128255,0
116233,0
142233,0
85145,0
151533,0
92016,0
88537,0
149447,0
119419,1
62786,0
68294,0
134671,0
145778,0
108020,0
119214,0
117668,0
75208,0
70574,0
109174,0
136829,0
156238,0
87811,0
153766,0
142313,0
152985,0
145814,0
132689,0
111327,0
97604,0
63525,0
140543,0
56477,0
143600,0
89382,1
82158,0
131966,0
85697,0
134896,0
56575,0
125387,0
144304,0
141109,0
102723,0
140622,0
78125,0
68899,0
115400,0
103091,0
92493,0
84848,0
73097,0
150888,0
79508,1
109312,0
102162,0
59983,0
134064,0
126742,0
116882,0
123029,0
111663,0
123812,0
69663,0
106185,1
142545,0
76961,0
124551,0
81040,1
100000,0
125038,0
153583,0
91767,0
143290,0
91264,0
141970,0
128786,0
78404,0
153232,0
124865,0
144152,0
151977,1
73894,0
137236,0
153880,0
138860,0
82730,0
139253,0
145496,0
119592,0
143135,0
123205,0
61729,0
116240,0
67431,0
134692,0
56684,0
151526,0
120031,0
94697,1
94260,0
85419,0
127058,0
81520,0
111417,0
60718,0
108233,0
63581,0
111982,0
72342,0
66489,0
132602,0
154580,0
87966,0
111507,0
107178,0
141946,0
70369,0
113000,0
73571,0
96142,0
129425,0
84723,0
132342,0
108787,0
135083,0
110846,1
103766,0
145713,0
127127,0
132063,0
91336,0
87113,0
99102,0
90231,0
82745,0
82976,0
78451,0
119542,0
131901,0
98061,0
71519,0
141984,0
63171,1
108827,0
153593,0
82004,1
123684,0
83009,0
155913,0
131309,0
61631,0
67588,0
98058,0
130414,0
60500,0
131847,0
142901,0
125520,0
63452,0
75906,0
108057,0
85345,0
115045,0
57040,0
141730,0
60436,0
102788,0
126304,0
120556,0
74791,1
122712,0
64061,0
72365,0
87076,0
62236,0
73679,0
86487,0
116031,0
108815,0
61083,0
154824,0
119128,0
112697,0
62700,0
124926,0
77747,0
89998,0
69025,0
127699,0
91124,0
62777,0
117730,0
129738,0
91742,0
86732,0
102976,0
93805,0
139062,0
107045,0
56925,0
71339,0
131364,0
96633,0
71047,0
82312,0
112688,0
100427,0
137034,0
119565,0
67051,0
136158,0
123928,1
134331,0
115967,0
152761,0
136328,0
90104,0
84749,0
128300,0
60544,0
82709,0
108988,0
93363,0
124624,0
102714,0
121434,0
64768,0
93425,0
62781,0
84707,0
58405,0
99752,0
95837,0
78413,0
99424,0
72269,0
62463,0
115786,0
78040,0
91441,0
94603,0
60068,0
108388,0
81340,1
114965,0
145075,0
118715,0
82980,0
65803,0
77457,0
86118,0
135647,0
122660,0
150586,0
71015,0
70443,0
126766,0
96252,0
65202,0
98207,0
58972,0
83120,0
117543,0
139320,0
98726,0
142918,0
91049,0
148704,0
94730,0
122907,0
57899,0
82120,0
117091,0
82128,0
121449,0
155156,0
77943,0
89067,0
114560,0
113971,0
135576,0
124779,0
57541,0
95704,0
133087,0
156728,0
81916,0
153432,0
150487,0
63122,0
78195,0
157449,0
129703,0
141776,0
93676,0
119351,0
70909,0
72575,0
100488,0
120726,0
126260,0
61614,0
128462,0
123367,0
128647,1
120555,0
152149,0
93825,0
119906,0
91970,0
78462,0
135043,0
127225,0
135838,0
77247,0
128108,0
76308,0
157731,0
143412,0
58631,0
56748,1
147874,0
116397,0
118158,0
146643,0
135335,1
146234,0
121422,0
60364,0
118702,0
95408,0
96672,0
89192,0
139682,1
113567,0
104047,0
123246,0
73685,0
146545,0
62546,0
74491,0
120126,0
95404,0
79269,1
67344,1
63576,0
114038,0
109146,0
104359,0
84501,0
110812,0
82086,1
137593,0
132722,0
92980,0
66792,0
78450,0
154446,0
98928,0
72219,1
77602,0
135778,0
73451,0
75788,0
115936,0
97761,0
117701,0
107460,0
122061,0
118865,0
125500,0
86958,0
146901,0
113621,0
136131,0
74913,0
124246,0
84722,0
135764,0
106447,1
134990,0
119881,0
89217,0
107476,0
94859,1
95046,0
129013,0
123963,0
141650,0
106262,0
108132,0
142130,0
100671,0
84158,0
57119,0
114306,0
148689,0
58738,0
98047,0
88520,0
153006,0
143822,0
135984,0
80441,0
135545,0
104003,0
67050,1
137644,0
80036,0
109092,0
123278,1
154216,0
67665,0
90746,0
131642,0
142538,0
135560,0
85682,0
75422,0
137078,0
60410,0
90677,0
138464,0
86232,1
85660,0
95907,0
143274,0
147891,0
135384,0
92268,0
71555,0
137268,0
127639,0
110666,0
93625,0
113963,0
63968,0
134230,0
76104,1
153072,0
154021,0
116740,0
101429,0
109862,0
57945,0
96853,0
138229,0
90510,0
133385,1
109540,0
66281,0
109533,0
73716,0
145358,0
69998,0
156098,0
151523,1
144360,0
83378,0
148362,0
70274,1
65373,0
107294,0
109689,0
124954,0
72985,0
96117,0
96961,0
103669,0
81303,0
84961,0
136640,0
89663,0
83402,0
155668,0
88027,0
93087,0
115817,0
58615,0
97637,0
130914,0
103528,0
62915,0
62046,0
119235,0
134820,0
147631,0
122187,0
130937,0
101437,1
120999,0
125238,0
110749,0
81374,0
156658,0
95769,0
99915,0
101334,0
144796,0
133444,0
82325,0
78013,0
93130,0
133974,0
111743,0
140850,0
76314,0
142626,0
102293,0
130537,0
108457,0
119693,0
79322,0
130102,0
75517,0
58508,0
72791,0
75624,0
80351,0
114310,0
124834,0
79050,0
153217,0
78098,0
85443,0
73266,0
74939,0
64487,0
120757,0
118279,0
140436,0
69688,0
58806,0
57330,0
69294,0
76369,0
134506,0
91141,0
119383,1
147967,0
106776,0
156186,0
145856,0
146876,0
83416,1
134508,0
97973,0
106393,0
122461,0
112212,0
77012,0
119229,0
81669,0
129566,0
83928,0
98365,0
71091,0
64870,0
101897,0
118058,0
135810,0
134964,0
157533,0
56593,0
95471,0
122700,0
72433,0
127439,0
146691,1
98419,1
60207,0
96611,0
87099,0
98306,0
148985,0
133894,0
87002,0
99609,0
74519,1
112385,0
116346,0
106178,0
150431,1
74816,0
126609,0
89696,0
67721,0
111884,0
65506,0
127341,0
68841,0
134590,0
73969,0
136817,0
146225,0
81302,0
58557,0
130980,0
83568,0
56721,0
156242,0
111965,0
69002,0
101071,0
136973,0
143125,0
60437,0
142423,0
70890,0
83711,0
109782,0
150185,0
152342,0
77050,0
146981,1
146931,0
81079,0
142469,0
127808,0
112327,0
156178,0
74077,0
138315,0
75938,0
64594,0
102010,0
61776,0
87791,0
141610,0
77731,0
135913,0
72025,0
136113,0
66065,0
78161,0
112714,0
102777,0
135529,1
80751,0
146110,0
100851,0
151010,0
154876,0
124535,0
102051,0
77452,0
58157,0
100848,1
144661,0
94906,0
129901,0
134760,0
131098,0
155818,0
123469,0
68178,0
93045,0
106921,0
114783,0
62326,0
129090,0
134771,0
97265,0
59526,0
142269,1
104620,0
65026,0
90863,0
98399,0
135937,0
97760,0
111232,0
144800,0
101721,0
142884,0
82419,0
134069,0
139750,0
85930,0
103270,0
142331,0
131664,0
72549,0
121472,0
64828,0
110839,0
126182,0
112147,0
137413,0
92402,1
126842,0
63384,0
98742,0
68057,0
101592,0
75814,1
155882,0
145417,0
70059,0
122952,0
135679,0
122091,0
62095,0
105461,0
104367,0
78387,0
95409,0
56871,0
109695,0
99599,1
121808,0
146326,0
113722,1
136055,0
136742,0
71383,0
63287,0
86342,0
107138,0
108117,0
110455,0
119081,1
57873,1
136713,0
106142,0
78901,0
119918,0
68850,1
106396,0
101864,0
107343,0
91018,0
140210,0
79506,0
75982,0
89705,0
138172,0
143116,1
79940,1
106800,0
107192,0
153159,0
80184,0
132098,0
120322,0
89535,0
125102,0
88944,0
117906,0
130659,0
82525,0
70047,0
149289,0
156100,1
80579,0
127927,0
78329,0
63313,1
80345,0
122723,0
136016,0
149496,0
73286,0
100048,0
76833,1
142088,0
100635,0
60472,0
115556,0
91467,0
71380,0
91198,0
106179,0
147696,0
150437,0
85657,0
72829,0
117522,1
82285,0
128892,0
112784,0
60535,0
132192,0
149754,0
131959,0
137165,0
140303,0
138653,0
124120,0
79296,0
64299,0
71406,0
89170,0
63398,0
138122,1
148937,0
140394,0
77708,0
99031,0
68237,1
153303,0
91673,0
126052,0
86615,0
58095,0
69507,0
116420,0
97808,0
61931,0
143631,0
119264,0
112652,0
72266,0
125667,0
141752,1
106105,1
153573,0
142530,0
114096,0
85805,0
85047,0
70112,0
95831,0
135756,0
59096,0
66889,0
66569,0
155492,0
99001,0
91280,0
120979,0
103115,0
89033,0
102530,0
72780,0
91774,0
152904,0
81296,0
95926,0
144190,1
90716,0
128608,0
61375,0
109837,0
84416,0
134334,0
117475,0
139914,1
116910,0
77070,0
113090,0
95424,0
120124,0
133880,0
94430,0
118710,0
137022,0
72349,0
129393,0
69428,0
65165,0
147962,0
133572,0
135257,0
129531,0
105385,0
101845,0
84997,0
118626,0
148063,0
127219,1
95123,0
107486,0
109571,0
103949,0
73596,0
115603,0
78007,0
103439,0
58234,0
145499,0
134168,0
94250,0
144448,0
57461,0
60162,0
105897,0
150543,0
93717,0
69285,0
60081,0
57400,0
146836,0
128010,0
120894,1
126525,0
80008,0
154213,0
137557,0
107608,1
144578,0
140714,0
64814,0
91195,0
127751,0
154581,0
82591,0
77097,0
77059,0
78509,0
156662,0
86434,0
153099,0
125578,0
106680,0
132291,0
69584,0
91211,0
97387,0
156633,1
98703,0
89713,0
96769,0
98854,0
74278,0
145347,0
102996,0
93191,0
147381,0
70439,0
114570,1
125382,0
123682,0
148419,0
89997,0
121563,1
115730,0
137326,0
60561,0
134085,0
125167,0
155565,0
149220,0
123899,0
150445,0
103258,1
140211,0
99676,0
70551,0
109559,0
111300,0
156039,0
106412,0
152569,1
58126,0
119681,0
105900,0
155904,0
74020,0
95458,0
71552,0
91886,0
117105,0
130920,0
84174,1
132245,0
72151,0
58977,1
67444,0
86035,0
127016,0
79169,0
88679,0
100309,0
129147,0
98496,0
100064,1
92318,0
142656,0
128508,0
67977,0
106995,0
104853,0
129850,0
79711,0
127013,0
117364,0
89613,0
79820,0
68152,0
125113,0
103845,0
106764,0
118365,0
122220,0
147518,0
150382,0
99900,0
124652,0
135953,0
63243,0
145189,0
121416,0
131014,0
92333,0
76241,0
81677,0
154212,0
78374,0
123552,0
106395,0
60893,0
130681,0
85583,0
95605,0
62136,0
71911,0
136449,0
93112,0
135929,0
114467,0
84429,0
117156,0
78279,0
154382,0
103555,1
80822,0
158121,0
63794,0
70801,0
58310,0
124248,0
88059,0
79889,0
70730,0
72958,0
79595,0
140556,0
99526,0
142360,0
79912,0
101047,0
137973,0
112185,0
146982,0
89682,0
92780,1
110156,0
120579,0
140479,0
130371,0
150963,0
114250,0
138456,0
112017,0
83719,0
113745,0
69085,0
114114,0
117680,0
68765,0
77989,0
97057,0
56657,0
75358,0
150417,0
148276,0
127651,0
60440,0
79983,0
78045,0
106175,0
77548,0
129949,0
103609,0
119509,0
88024,0
78153,0
126057,0
91509,0
126555,0
98025,0
65219,0
121108,0
113416,0
129239,0
116495,0
138261,0
85268,0
136628,0
129755,1
117537,0
110094,0
101774,0
146528,0
91208,0
147566,0
95012,0
157529,0
144267,0
71048,0
65582,0
81612,0
141785,0
107655,0
102683,0
102625,0
97947,0
113578,0
103165,0
103502,0
76216,0
80449,0
114376,0
117185,1
102476,0
111374,0
100077,0
153216,0
127482,0
76404,0
118243,0
106493,0
152332,0
111171,0
156035,0
66995,0
77006,0
146767,0
133455,0
70568,0
121165,0
113980,0
153064,0
73858,1
121631,0
102276,0
60221,0
114263,0
119021,0
137839,0
94058,0
107465,1
74721,0
127023,0
152714,0
125996,0
153429,0
130109,0
121814,0
78070,1
57146,0
108465,0
88827,1
153103,0
146928,0
98149,0
61774,0
113859,0
130346,0
82109,0
88098,0
142059,0
141771,0
67611,0
147832,0
108647,0
116181,0
109147,0
90017,0
105319,0
150144,0
98770,0
141850,0
71285,0
91026,0
82436,0
93574,0
109917,0
156643,0
69227,0
61281,0
100225,0
69242,0
138498,0
109460,0
81421,0
146768,0
118027,0
60850,0
105065,0
92855,0
96710,0
67184,0
125025,0
111475,0
124042,0
86267,0
101722,0
147535,0
105206,1
144091,0
152554,0
79540,0
142712,0
87029,0
104530,0
61079,0
113924,0
102193,0
74180,0
87048,0
152639,0
130055,0
70594,0
80355,0
64929,0
74189,0
110986,0
143119,0
131641,0
73840,0
100027,0
80376,0
153878,0
118302,0
85030,0
139965,0
150188,0
63806,0
62019,1
70333,1
118092,0
104590,1
114065,0
58033,0
78150,0
156124,0
66786,0
108881,0
64907,0
107531,0
63318,0
134895,0
72775,0
117195,0
81249,0
122524,0
57048,0
150201,0
56516,0
92229,0
76551,0
72653,0
103836,0
87071,0
143527,0
68192,1
148698,0
88043,1
156374,0
65033,0
91104,0
96318,0
117137,0
109890,0
75846,0
98287,0
115611,0
119917,0
75076,0
89572,0
81325,0
127390,0
129988,1
100110,0
84487,0
108496,0
96292,0
102940,0
128426,0
146702,0
107887,0
151215,0
132138,1
133122,0
60089,0
149971,0
138723,0
151159,0
109679,1
83516,0
58954,0
56298,0
144224,0
154730,0
139271,0
73198,0
65912,0
85097,0
143403,0
112408,0
131107,0
59265,0
110850,0
57446,0
141545,0
82625,0
139286,0
106796,0
83283,0
88332,0
70165,0
154386,0
151525,0
89564,0
157126,0
154765,0
64104,0
106327,0
146566,0
128181,0
109791,0
96809,0
61756,0
69159,0
58455,0
110616,0
108150,0
115280,0
122210,0
121343,0
64655,0
117430,0
140520,0
87999,0
158113,0
139397,0
107811,0
116095,0
113827,0
129806,0
139503,0
111747,0
103409,0
74137,0
122432,0
61747,0
103590,0
82883,0
135649,0
95893,0
96072,0
92309,0
98427,0
89272,0
134464,0
121324,0
75585,0
99475,1
124970,0
94630,0
139875,0
139793,0
121534,0
105383,0
112912,0
75945,0
144050,1
75693,0
58308,0
109662,0
134594,0
108060,0
70102,0
113998,0
128917,0
125209,0
148490,0
71829,0
57764,1
100323,0
112536,0
120481,0
88263,0
130559,0
154892,0
101227,0
81869,0
70198,0
86198,0
142674,0
137508,0
118559,0
112033,0
96009,0
109278,0
118741,0
106983,0
57887,0
101920,0
93432,0
156544,0
126117,0
95593,0
94681,0
137923,0
110925,0
158175,0
142830,0
89322,1
132743,0
90600,0
65358,0
129311,0
147768,1
66625,0
137918,0
116717,0
103581,0
141374,0
121561,0
157417,0
57025,0
57236,1
84569,0
150055,0
56280,1
152247,0
109760,1
137811,0
87685,0
129171,0
122695,0
86931,0
98220,0
145708,0
78393,0
141781,0
134879,1
56263,0
63103,0
120374,1
147862,0
69733,0
149847,0
111513,0
153166,0
141546,0
138635,0
76899,0
91933,0
122675,0
142587,0
141236,0
141294,0
85618,0
103004,0
140337,0
90869,0
93345,0
142224,0
108974,0
80030,0
126079,0
101496,0
147226,0
94839,0
127509,0
136787,0
97675,0
63188,0
129011,1
149187,0
57198,0
103870,0
110943,0
78931,0
67102,0
138074,0
73905,0
116952,0
74885,0
56664,0
138201,0
117132,0
70680,0
117539,0
135612,0
71804,0
152487,0
129783,0
132973,0
119396,0
69972,0
151457,0
142061,0
134372,1
133144,0
70220,0
90259,0
111534,0
135431,0
156032,0
75064,0
96589,0
140285,0
118803,0
125775,0
60460,0
97277,0
74433,0
83340,0
106540,0
143795,0
91508,0
76175,0
140768,0
83702,0
127986,0
123897,1
108456,0
64802,0
61122,0
96871,0
139844,0
61073,0
139660,0
83556,0
74869,0
157274,0
106739,0
128468,0
118044,0
87956,0
144669,0
76543,0
71615,0
123127,1
128429,0
106566,0
151811,0
103323,0
88536,0
133797,1
112740,0
91747,1
142385,0
105371,0
64209,0
74054,0
72894,0
121476,0
117427,0
66385,0
62528,0
74839,1
108466,0
141754,0
156738,0
150162,0
119390,0
103047,0
145972,0
132883,0
134128,0
88048,0
69617,1
128243,0
78636,0
102869,0
119962,0
67506,0
146257,0
129351,0
111358,0
147203,0
144155,0
93996,0
79188,0
84457,0
148386,0
140231,0
152513,0
133595,1
58893,0
92556,0
138208,0
82653,0
71737,0
135229,0
79052,0
115077,0
69954,0
60505,0
152210,1
88615,1
153966,0
69756,0
90118,1
122000,0
81069,0
89780,0
122366,0
112731,0
76985,0
118088,0
104556,0
97621,0
142217,0
150623,0
106977,0
113837,0
88835,0
143891,1
103897,0
79407,0
149576,0
74162,1
81881,0
69505,0
66367,0
90841,0
81224,0
96407,0
65431,0
127402,1
113131,0
127621,0
88927,0
154343,0
130952,0
113161,0
155442,0
104730,0
57668,0
68425,0
143436,0
136192,0
158183,0
156359,0
93498,0
62564,0
149362,1
78375,0
112858,0
152454,0
87884,0
121278,0
116383,0
118140,0
79359,0
57269,0
153562,1
73260,0
103279,1
68088,0
64391,0
108489,0
149558,0
137834,0
106208,0
90773,0
122673,0
90483,0
119173,0
145066,0
147246,0
86296,0
131069,0
77692,0
154941,0
125176,0
71736,0
64433,0
69338,1
119724,0
113763,0
72937,0
60318,0
114088,0
92443,0
154849,0
85001,0
135511,0
117751,0
77068,0
147245,1
73480,0
97016,0
148917,0
131596,0
76600,0
71330,0
112090,0
108804,0
123626,0
58423,0
131775,1
79057,0
153959,0
77570,0
67306,0
150986,0
85301,0
78477,0
155269,0
71703,0
65229,0
125745,0
123032,0
119870,0
123330,0
108082,0
117914,0
81320,0
130489,0
68149,0
97388,0
62292,0
82989,0
115207,0
103423,0
67126,0
150386,0
78012,0
73972,0
84366,0
69499,0
129278,0
96887,0
145469,0
133474,0
115168,0
59497,0
71738,0
62452,0
108970,0
120845,0
62609,0
56895,0
90271,0
137085,0
80878,0
140950,0
127022,0
99645,0
145373,1
136399,0
148475,0
129767,0
138916,0
60725,0
105889,0
116274,0
120627,0
98478,0
97232,0
142923,0
59846,0
96944,0
153770,0
148840,0
88675,0
108348,0
61313,0
130881,0
93525,0
106264,0
106811,0
128078,0
113310,0
124960,0
112441,0
62974,0
82914,0
113015,1
146851,0
99460,0
127253,0
90849,0
148221,0
134281,0
139297,0
120923,0
118297,0
97130,0
128233,0
97342,0
62296,0
76597,0
64403,0
146947,0
91110,1
85798,0
135935,0
137525,0
74756,0
57992,0
122460,0
116754,0
137440,0
56628,0
139001,0
131662,0
77023,0
116799,0
157155,0
127587,0
97514,0
89981,0
157805,0
87974,0
147407,0
126027,0
131855,0
114153,0
129585,0
127792,1
144974,0
139024,0
119356,0
65627,0
137840,0
107947,0
109486,0
59468,0
111968,0
127686,0
132125,0
67549,0
139280,0
120511,0
153871,0
134596,0
143906,0
89386,0
155284,0
59255,0
81004,0
71631,0
86313,0
99021,0
154003,0
76358,1
125333,0
78724,0
139498,0
82662,0
60598,0
61340,0
126076,0
117704,1
142911,0
150204,0
118002,0
106183,0
103434,0
61685,0
76604,0
153524,0
128689,0
146028,0
147704,0
93246,0
127258,0
102381,0
81200,0
72952,0
111233,0
126856,0
63544,0
120874,0
131943,0
100721,0
153465,0
130727,0
105881,0
131961,0
123160,0
97323,0
130323,0
91640,0
90732,0
83510,0
157317,0
115203,0
92804,0
114845,0
112452,0
125548,0
59698,1
76652,0
157791,0
68678,0
58571,0
96366,0
148556,0
76003,0
127805,0
108549,0
78670,0
67005,0
87198,0
106237,0
78023,0
87284,0
127387,0
83052,0
155526,1
153467,0
146045,0
151315,0
109414,0
94545,0
105930,1
124862,0
112931,0
66891,0
157054,0
59412,0
90034,0
68113,0
77615,0
82857,0
131515,0
129565,0
72048,0
89971,0
71828,0
123558,0
102938,0
65476,0
124743,0
78987,0
68665,1
88854,0
104106,0
125721,0
126100,0
87375,0
57267,0
70772,0
84004,0
140801,1
144925,0
93141,1
76586,0
156573,0
110012,0
119888,0
134608,1
86001,0
59240,0
136937,0
57340,0
143363,0
127823,0
118518,0
116998,0
67313,0
155867,1
72403,0
86236,0
88191,0
143959,0
96439,0
101444,0
81097,0
145386,0
136724,1
109686,0
117589,1
140941,0
86375,1
144684,0
117438,0
96794,0
65599,0
78055,0
130921,0
85376,0
93069,0
146660,0
88733,0
130091,0
137441,0
140013,0
138747,0
88916,0
142223,0
154988,1
66024,0
153250,0
99569,0
148255,0
128968,0
130569,0
126718,0
72211,0
63060,0
109322,0
92673,1
86120,0
138922,0
117828,0
89648,0
65606,0
70698,0
82682,0
91820,0
100538,0
107329,0
77816,0
93722,0
85689,0
80637,0
63234,0
146810,0
91478,0
143658,0
94454,1
115805,1
148747,0
114340,0
71559,0
106993,0
106917,0
112895,0
150271,0
106774,0
87838,1
133547,0
104788,0
85710,0
94308,0
115773,0
131568,0
73114,0
111297,0
92466,1
112104,0
65319,0
72724,0
128436,0
121729,0
153365,0
112675,0
110050,0
99665,0
88572,0
106542,0
156753,0
65233,0
109014,0
58312,0
109239,0
79986,0
76581,0
136334,0
148533,0
128853,0
109419,0
56906,0
110229,0
144208,0
88177,0
92355,0
66654,0
66821,0
134950,0
123300,0
68782,0
121960,0
103925,0
130566,0
147650,1
62428,0
130204,0
81388,0
110716,0
134908,0
136293,0
87028,0
57581,0
153435,0
145665,0
111862,0
71546,0
121716,0
65088,0
81359,0
128583,0
116556,0
140717,0
152429,1
90928,0
99711,0
101982,0
71136,0
101491,0
122661,0
100003,0
61118,0
75042,0
133140,0
152309,0
66953,0
108296,0
123007,0
135357,0
56563,0
145709,0
127625,0
116909,0
119000,0
89767,0
137603,0
108162,0
130155,0
93378,0
130060,0
84746,0
57896,0
149206,1
65291,0
93453,0
96154,0
155008,0
107799,0
78943,0
86685,0
117141,0
118736,0
115171,0
157135,0
69677,0
135196,0
76672,0
111648,0
153413,0
125008,0
94105,0
72671,0
123730,0
63664,1
97877,0
113758,0
122259,0
115092,0
75559,0
126432,0
101317,0
96639,0
157289,1
145229,0
81960,0
125246,0
67712,0
141688,0
157280,0
69492,0
103077,0
136697,0
75018,0
130976,0
139603,0
126458,0
68217,0
72846,0
138273,0
80788,0
138368,0
141894,0
132184,0
158012,0
150840,0
107388,0
82685,0
80292,1
104383,0
138127,1
103576,0
136281,0
119372,0
143028,0
108021,0
64574,0
110761,0
125496,0
82187,0
116814,0
89778,0
73416,0
121327,0
146809,0
94473,0
144167,0
70620,0
140136,0
135402,0
66573,0
60851,0
92943,0
151614,0
154062,0
118844,0
68750,0
144952,0
76015,0
120436,0
76279,0
107760,0
131075,0
143686,0
138427,1
70076,0
97481,0
89395,0
153997,0
112393,0
104125,0
110011,0
82278,0
77837,0
137403,0
134324,0
98947,0
110936,0
62187,0
83739,0
59834,0
63920,0
143846,1
70063,0
76357,0
75537,0
134234,0
156648,0
111711,0
86327,1
117742,0
142639,0
108697,0
97442,0
96822,1
85414,1
150491,0
153516,0
141798,0
81770,0
121663,0
68350,0
148964,0
88746,0
57031,0
155728,1
66888,0
91664,0
103724,1
65204,0
66193,0
123756,0
130777,0
118107,0
63660,0
108349,0
132979,0
91649,0
150379,1
153031,0
77944,0
57988,0
79634,0
105970,0
133263,0
84547,0
88031,0
98400,0
147809,0
81129,0
98327,0
67287,1
95476,0
133133,0
75564,0
111248,0
68703,0
112521,0
80505,0
123055,0
84296,0
123833,0
59665,0
134077,0
125125,0
61679,0
89423,0
98142,0
102744,0
90632,0
140324,0
110358,0
158181,0
145126,0
155683,0
151606,0
124498,0
125380,0
115307,0
62913,0
95899,0
120626,0
94318,0
125586,0
117816,0
153443,0
110682,0
119839,0
86637,0
104043,0
123400,0
85411,1
147309,0
73517,0
152136,0
94920,0
109038,0
121959,0
103789,0
124946,1
60037,0
57054,0
83050,1
152211,0
75652,0
142821,0
115666,0
89079,0
70811,0
156561,0
118864,0
84170,0
82555,0
143803,0
82075,0
69638,0
57309,0
88434,0
71345,0
71874,0
135436,0
78550,0
154660,0
144752,0
113157,0
67897,0
97969,0
156377,0
96620,0
80412,0
117965,0
147115,0
142568,0
131403,0
157476,0
147830,0
155519,0
151099,0
123731,0
101393,0
141615,0
115854,0
134186,0
124740,0
76790,0
106273,0
98502,0
78790,0
110525,0
82866,0
110052,0
126865,0
74769,0
86703,0
153742,0
78617,0
74262,0
142671,0
131564,0
139109,0
125288,0
66854,0
94349,0
113863,0
100630,0
94557,0
62054,0
93373,0
99114,0
136563,0
76185,1
67015,0
114748,0
102873,0
108911,0
57504,0
60907,0
107617,0
102086,0
130419,0
95474,0
56397,0
67274,0
126928,1
75456,0
104799,0
90015,0
122252,0
140130,0
133874,0
144769,0
83602,0
128495,0
101663,0
116746,0
82628,0
63978,0
69430,0
132550,0
109233,0
131506,0
125030,0
157361,0
144299,0
131435,1
113882,1
111047,1
63385,0
151657,0
87611,0
83095,0
131465,0
106152,1
82747,0
84580,0
150859,0
157456,0
59716,0
106269,0
145554,0
70945,0
138228,0
104855,0
129794,0
91989,0
92019,0
127518,0
142866,0
93931,0
125778,0
155733,0
69631,0
148429,0
75124,0
106072,0
127119,0
70611,0
115775,0
94934,0
112338,0
146775,0
151794,0
142308,0
111912,0
152835,0
70449,0
143242,0
62607,0
76762,0
155805,0
135478,0
92353,0
154943,0
82422,0
72280,0
66052,0
88198,0
86816,0
85880,0
61532,0
67836,0
131745,0
84881,0
82349,0
61595,1
84420,0
134490,0
60810,0
154655,0
154230,0
143833,0
151828,0
156472,0
94337,0
155940,1
72712,0
60464,0
111528,0
127720,0
135112,0
151834,0
156854,0
111496,0
98337,1
84160,0
103580,0
116277,0
90557,0
68414,0
134819,0
86877,0
86973,0
150714,0
110667,0
74609,0
117065,0
56965,0
133099,1
143109,0
112960,0
100905,0
144388,1
101121,0
124923,0
96107,0
135583,0
134914,0
122199,0
118816,0
97004,0
148110,0
147395,0
144365,0
118932,0
83429,0
145697,1
103837,0
102306,0
67502,0
146888,1
151553,0
125947,0
104840,0
99252,0
90721,1
107636,0
126725,0
110415,0
121943,0
61963,0
116377,0
121368,0
115050,0
145332,0
112542,0
141017,0
57782,0
140557,0
132020,0
147498,0
110670,0
117579,0
103885,0
81611,0
148996,0
151130,0
145950,0
65114,0
71497,0
66495,0
125700,0
128683,0
59731,0
77741,0
80204,0
77652,0
92370,0
108335,0
108555,0
122100,0
66213,0
128225,0
69209,0
59063,0
72868,0
155721,0
135073,0
96165,0
120797,0
135923,0
115356,1
128048,0
57361,0
134221,0
122595,0
135115,0
141062,0
148740,0
85591,0
148050,0
107654,0
73405,0
140055,1
58447,0
125813,0
113177,0
70322,0
148728,0
62628,1
145277,0
117292,0
66247,0
153380,0
63690,0
95987,0
124020,0
100880,0
75493,0
141591,0
127463,0
58476,0
118319,0
87665,0
74019,0
157332,0
93989,0
85601,0
109538,0
63147,0
146525,0
102950,0
93838,1
66430,1
78897,0
115285,0
125931,0
92775,1
154078,1
96274,0
90068,0
156879,0
146737,0
96949,0
156574,0
85870,0
112158,0
90698,0
72762,0
109274,0
96754,0
72855,0
93350,0
129548,0
145394,1
85504,0
86148,0
84193,0
143411,0
62121,0
75824,0
66734,0
74206,0
112956,0
123013,0
90218,0
138467,1
103106,0
69690,0
102123,0
112828,0
57680,0
65618,0
131813,0
74197,0
66899,0
86197,1
148592,1
140865,0
121570,0
82261,0
72011,0
65196,0
136807,1
60720,0
69257,0
109474,0
126682,0
83672,0
125265,0
88054,0
155680,0
145375,0
82270,0
109993,0
106211,0
65306,0
62098,0
76603,0
95290,0
145204,0
96941,0
67630,0
110341,0
82289,0
80679,0
121719,0
106790,0
102436,1
118305,0
125816,0
122333,0
126198,0
93974,0
140348,0
60429,0
88807,0
89296,0
129970,0
113705,0
87023,0
156752,0
102366,0
148573,1
121245,0
66310,0
118610,0
111413,0
152058,0
57017,1
128374,0
92652,0
142380,0
148269,1
93874,0
61909,0
91107,0
130343,0
132451,0
108494,0
69169,0
74571,0
60422,0
132499,0
106872,0
90546,0
102182,0
137761,0
61490,0
59151,0
135844,0
108485,0
157265,0
56708,0
156261,0
111531,0
123027,0
78449,0
152496,0
130529,0
84390,0
73776,0
150324,0
122764,0
97384,1
101221,0
118507,0
134124,0
81178,0
128349,0
136450,0
125834,0
90133,0
144715,0
139436,0
122389,0
100367,0
58199,1
147912,0
125478,0
135797,0
154912,0
66776,0
127374,0
104340,1
116235,0
118261,0
68061,0
143911,0
77809,0
91321,0
157500,0
82428,0
70275,0
82995,0
85734,0
67885,0
125373,0
59232,0
156477,0
77205,0
137111,0
70648,0
151176,0
111227,0
135886,0
131655,0
119217,0
128876,0
124911,0
101135,0
125992,0
74419,0
63255,0
136283,0
94300,0
143041,0
95280,0
117917,1
129920,0
106778,0
151275,0
157433,0
79437,0
127888,0
143576,0
114648,0
90449,0
119822,0
97179,0
64223,0
63254,0
142773,0
129328,0
138671,0
84745,0
110336,0
101669,0
131709,0
85077,0
114765,0
84616,0
94406,0
97776,0
76220,0
149630,0
61699,0
85982,0
123064,1
105866,0
118151,0
67921,0
75485,0
88338,0
134835,0
93797,0
61048,0
104028,0
108240,0
118211,0
74055,0
88667,0
133687,0
123318,0
72621,0
101215,0
122796,0
97878,0
129757,0
91036,0
82600,0
83918,1
146623,1
66423,0
124429,0
62573,0
91756,0
83789,0
121908,0
58163,0
124209,0
128777,0
144368,0
57730,0
144240,0
153293,0
61336,0
90875,0
134554,0
101516,0
154305,0
84463,0
70990,0
105070,0
85355,0
56435,0
157503,0
100537,0
144607,0
99502,0
109255,0
83481,0
103586,0
64457,0
98950,0
102573,0
131390,1
68124,0
155459,0
71206,0
66615,0
71885,0
151397,0
56984,0
83129,0
116421,0
157936,0
60244,0
89207,0
89701,0
64415,1
113063,0
142491,1
145614,0
112666,0
150945,0
154531,0
136581,0
111877,0
58855,0
91406,0
65826,0
144775,0
57900,0
140664,0
71827,0
155447,0
77828,0
69455,0
63326,0
108252,0
107848,0
127272,0
155366,0
95217,0
99830,0
125798,0
100952,0
121200,0
82300,0
115702,0
91159,1
127563,0
58175,0
145241,0
116969,0
74229,0
157612,0
58544,0
89744,0
101330,0
84502,0
143671,0
133172,0
113401,0
124235,0
117022,0
95507,0
75910,0
112271,1
86160,0
153370,0
116229,0
87582,0
132358,0
88202,0
151331,0
143943,0
117691,0
107618,0
79844,1
117324,0
71816,0
137097,0
57079,0
154032,0
105417,0
62817,0
128443,0
94610,0
83857,0
101771,0
134582,0
152469,0
153139,0
114040,0
107134,0
137749,0
61572,0
105706,0
133836,0
58509,0
122618,0
84443,0
97483,0
157267,0
103535,0
137367,0
72475,0
106964,0
75749,0
68739,0
139340,0
97820,0
116936,0
64282,0
132107,0
154093,0
132432,0
79330,0
74738,0
113040,1
70152,0
96329,0
105619,0
78554,0
108249,0
139090,0
118060,0
88470,0
153437,0
110593,0
131233,0
108299,0
70219,0
88084,0
122683,0
83788,0
57308,0
153281,0
104772,0
105543,0
124593,0
150978,0
88991,0
127753,0
102948,0
76596,0
123850,0
149660,0
76284,0
132566,0
83561,0
86186,0
95266,0
67908,0
82100,0
153917,0
153958,0
58070,0
74330,0
139398,1
69909,0
114149,1
99218,0
78900,0
117505,0
126825,0
120783,0
62315,0
128781,0
94650,0
153398,0
148428,0
89864,0
125460,0
64114,0
143014,1
59913,0
58644,0
125085,0
152266,0
60214,0
114006,0
128717,0
68952,0
143280,0
80892,0
95247,0
66204,0
76892,0
90331,0
135713,0
61591,0
104996,0
152876,1
147495,0
59461,0
91457,1
76462,0
145268,0
90006,0
157391,0
93390,0
80317,0
66722,0
95075,0
135787,0
146866,0
142875,0
154346,0
125564,0
154398,0
85310,0
95185,0
147871,1
67870,0
60353,0
83697,0
72236,1
144435,0
81883,0
108975,0
106822,0
120539,0
128644,0
130449,0
87275,0
125044,0
57186,0
151473,0
98624,0
157409,0
59342,0
58404,0
139386,0
110045,0
121050,0
150000,0
106164,0
144577,0
83868,0
142998,0
96437,0
57365,0
153892,0
84795,0
75161,0
106199,1
79651,1
129842,0
83285,0
150768,0
131096,0
130474,0
70444,0
116416,0
81780,0
75924,0
145747,0
128734,0
91091,0
66866,0
149778,0
90617,0
135383,0
119428,1
96289,0
99429,0
71823,0
96080,0
77229,0
130877,0
148810,0
150905,0
103371,0
84468,0
91424,0
108325,0
122861,0
113557,0
72084,0
85200,0
129555,0
60223,0
149121,0
73635,0
88518,0
147037,0
91821,0
150050,0
134086,0
98289,0
120652,0
115862,0
131421,0
85013,0
90798,0
154222,0
133155,0
81064,0
143536,0
151894,0
75994,0
81845,0
90684,0
148595,1
57052,0
151420,0
115700,0
71156,0
141693,0
124384,0
72963,0
139995,0
137657,0
70035,0
67429,0
72264,0
152519,1
107461,0
102481,0
73692,0
78941,0
135807,0
60065,0
139135,0
139902,0
108188,0
120155,0
90692,0
116981,0
152720,0
60015,0
89227,0
146537,0
80169,0
129058,0
123559,0
92594,0
121870,0
118435,1
104141,0
98443,0
84987,0
84405,0
108210,0
69713,0
99715,0
111220,0
73622,0
71498,0
77304,0
153834,0
88742,0
126757,0
106484,0
152340,0
75199,0
140649,0
149019,0
140307,0
69915,0
126479,0
149164,0
137882,0
121171,0
71877,0
126061,0
94925,0
59377,0
61328,0
131187,0
129549,0
123262,0
136630,0
129793,0
135419,0
70177,0
140022,0
97191,0
71746,0
104489,0
75809,0
95806,0
138092,0
107204,0
104522,0
144547,0
144658,0
108121,0
117333,0
74768,0
57761,0
107369,0
104981,0
142042,0
80006,0
69742,0
69269,0
138652,0
120403,0
70720,0
148239,0
143241,0
129045,0
142755,1
135572,0
139264,1
124289,0
125631,0
59200,0
78192,0
142389,0
85901,0
88475,0
145280,0
57113,0
120209,0
104542,1
115697,0
144460,0
148948,0
96380,1
134327,0
150191,1
84453,0
96151,0
110000,0
66847,0
149286,0
56359,0
109266,0
149348,0
106435,1
67866,0
152111,0
127393,0
56362,0
153639,0
138405,0
63987,0
87438,0
151818,0
132576,0
138194,0
111907,0
102428,0
152790,0
114529,0
78910,0
78234,0
112388,0
112149,0
102340,0
114703,0
59910,0
74858,0
117175,0
137200,0
134013,0
81188,0
85390,0
60632,0
67727,0
84259,0
72245,1
127798,0
148138,0
79439,0
136850,0
112499,0
99814,0
103180,0
105822,1
135246,0
139149,0
100109,0
93081,0
60967,0
79291,0
70948,0
71105,0
78170,0
111203,0
122919,0
108420,1
59317,1
100890,0
141061,0
81593,0
145686,0
70025,0
85300,0
110048,0
75619,0
83046,0
155200,0
141471,0
77314,0
58214,0
62336,0
78566,0
140648,0
152578,0
62380,0
88683,1
135874,0
100827,0
113985,0
124394,0
139310,0
152152,0
106523,0
138137,0
135117,0
65387,0
64455,0
71239,0
103615,0
135659,0
149276,0
100241,1
121039,1
114655,0
110213,0
80342,0
126502,0
108311,0
92464,0
83592,0
68034,0
146919,0
73496,0
109339,0
97507,0
62522,0
67658,0
85216,0
109107,0
135134,0
62605,0
89061,0
157544,0
126703,0
67437,0
78872,0
81353,0
134019,0
118123,0
85091,0
98980,0
141096,0
61999,0
73447,0
58147,1
142298,0
152307,0
97857,1
141952,0
89194,0
68531,0
130279,0
136233,0
95042,0
143954,0
99227,0
146657,0
65558,0
84283,0
153032,0
60572,0
88437,0
113555,0
146433,0
78416,0
131933,1
80816,0
143688,0
69859,0
141240,0
131702,0
77686,0
107590,0
63641,0
96816,0
149017,0
72329,0
67843,0
132707,0
102892,0
150319,0
122978,0
137149,0
152830,0
122219,0
85573,1
137502,0
105126,0
61904,0
147560,0
135047,0
90250,0
116365,0
116015,0
65882,0
131849,0
61594,0
66282,0
154150,0
120212,0
119474,0
145197,0
112594,0
68682,0
137779,0
113437,0
145744,0
118234,0
131990,0
81794,0
132340,0
85702,0
102727,0
62225,0
122556,0
121377,0
117815,0
155891,0
132211,0
137048,0
110357,0
89072,0
138336,0
87413,0
65139,0
140440,0
78268,0
60712,0
134142,0
122935,0
66317,0
107932,0
98619,0
133299,0
58925,0
72476,0
91833,1
80024,0
94092,0
107889,0
73743,0
68258,0
116155,0
86696,0
84118,0
151873,0
116552,0
93001,0
86616,0
112505,0
79042,0
148760,0
155302,0
80813,0
59852,0
90411,0
68923,0
142980,0
138649,0
100841,0
86204,0
89695,0
62087,0
127825,0
105674,0
154650,0
111320,0
91943,0
130257,0
89809,1
66112,1
116890,1
119577,0
94854,0
106414,1
84773,0
58860,0
91432,0
56949,0
75878,0
78693,0
102804,0
121623,0
102050,0
147775,0
73189,0
138984,0
62443,0
63094,0
140209,0
142387,0
150655,0
84963,0
70703,0
140514,0
102699,0
151994,0
113329,0
122080,0
58309,0
104090,0
78288,1
152418,0
137040,0
121076,0
81500,0
103795,0
80163,0
79638,0
106721,0
76450,0
123884,0
64875,0
100074,0
67346,0
85173,0
97531,0
64510,0
61473,0
102485,0
115745,0
138661,0
107352,0
103772,0
67221,0
138157,0
79097,0
131707,0
125483,0
139013,0
129419,0
111866,0
62727,0
99412,0
63778,0
118745,1
140914,0
111916,1
126756,1
74741,0
137729,0
113110,0
135500,1
71839,0
81361,0
128627,0
138347,0
134299,0
100042,0
92440,0
91769,0
108560,0
107032,1
98069,0
84411,0
151249,0
108156,1
118315,0
73294,0
78190,0
94764,0
101179,0
137719,0
123594,0
119105,0
84100,0
107446,0
131494,0
59821,0
132143,0
147475,0
123590,1
131156,0
84022,0
61469,0
112864,0
99637,0
143335,0
106806,0
81406,1
89856,0
103111,0
78536,0
134513,0
117921,1
94502,0
104353,0
147310,0
104525,0
67840,0
78020,0
87598,0
88929,0
61501,0
157564,0
101316,1
98039,0
151350,0
86290,0
103855,1
73274,0
148468,0
136461,0
76310,0
122746,0
59084,0
122773,1
128845,0
155419,0
102349,0
148390,0
69397,0
106760,0
101957,0
83948,0
115232,0
156953,0
139883,0
109112,0
138641,0
147536,0
63365,0
93460,0
93256,0
136633,0
124381,0
108840,0
79490,0
140532,0
123479,0
134400,0
135510,0
93748,0
127996,0
154295,0
128615,0
77906,0
156311,0
108006,1
60546,1
131030,0
70987,0
128114,0
103760,0
82677,0
129055,0
128278,0
144347,0
142113,0
115639,0
96979,1
98002,1
67995,0
155851,0
151911,0
119482,0
81094,0
123314,0
128289,0
148024,0
116584,0
76756,0
146174,0
124501,0
106253,0
110972,0
92351,0
141317,0
108565,0
110683,0
103782,0
115875,0
58755,0
78842,0
100095,0
97521,0
114719,0
72620,0
87450,0
104866,1
142979,0
142527,0
84970,0
66862,0
132427,0
95092,0
93454,0
69416,0
81768,0
68177,0
87774,0
79258,0
110819,0
86933,0
111689,0
144486,0
152871,0
124950,0
112708,0
87197,0
139632,0
62455,0
58573,0
133594,0
80895,0
134511,0
138295,0
149679,1
150497,0
101533,0
153084,0
144537,0
85565,0
129653,0
147332,0
152297,0
149461,0
82674,0
93269,0
150318,0
68013,0
146529,0
100919,0
141939,0
120791,0
83906,0
96378,0
107111,0
151992,0
134120,0
86377,0
94880,0
105649,0
128290,0
86315,0
152448,0
113715,1
141653,1
145493,0
89875,0
65753,0
90591,0
76569,0
71340,0
107119,0
88602,0
111192,1
158182,0
112643,0
134572,0
76083,0
131628,0
144604,0
153838,0
114643,0
148636,0
71535,0
134115,0
125228,0
136428,0
58335,0
145970,0
103588,0
62835,0
93412,0
157385,0
136779,1
96859,0
68742,0
101363,0
104239,0
102564,0
56507,0
63213,0
112379,0
116347,0
70838,0
91701,0
82921,0
108578,0
78316,0
94405,0
99649,0
125222,0
89903,0
80214,0
82640,0
107037,0
58400,0
110409,0
92909,1
125255,0
141599,0
129367,0
77346,0
60352,0
124406,0
93413,0
84076,0
84240,0
130692,0
90497,0
117844,0
152859,0
97851,0
140334,0
129096,0
142188,0
58260,0
68449,0
127838,0
130533,0
152885,0
142621,0
130549,0
74760,0
93766,0
139770,0
129081,0
77523,0
157013,1
60378,0
56602,0
58222,1
106545,0
133869,0
100708,0
115925,0
117557,0
87755,0
93844,0
64973,0
117017,0
157837,0
140833,0
149253,0
116130,1
89143,0
96886,0
80313,0
68544,0
124771,0
132752,0
126772,0
149301,0
140852,0
106399,1
149306,0
127346,0
97211,0
65109,0
61406,0
144977,0
149924,0
80022,0
137528,0
83880,0
129494,0
85036,0
94807,0
149743,0
80830,0
64350,0
56597,0
140536,0
110325,0
117379,0
152293,0
67545,0
120774,0
87224,0
67382,0
138521,0
104520,0
99905,0
129587,0
97097,0
81376,0
95181,0
156831,0
128680,0
149273,0
89463,0
108700,0
106375,0
138351,0
89105,0
66483,0
121107,0
141783,0
124768,0
148042,0
117315,0
60017,0
90349,0
125187,0
142234,0
122584,0
105891,0
141569,0
87248,0
60044,0
124279,0
78517,1
143709,1
154427,0
84092,0
133855,0
143708,0
61533,0
67693,0
78577,0
81783,0
67743,0
125513,0
134188,0
66653,0
156165,0
72548,0
73076,0
101735,0
127048,0
137063,0
56353,0
117134,0
64092,0
113735,0
103213,0
67891,0
107139,0
86116,0
92979,0
153788,0
156837,0
125221,0
152807,0
99375,0
88637,0
102927,0
123922,0
79443,0
138775,0
121582,1
99951,0
141414,0
138574,0
104610,0
67742,1
116506,0
57435,0
157599,0
80448,1
137986,0
118128,0
74363,0
106408,0
157204,0
92303,0
71097,0
109504,0
101037,0
137026,0
94354,0
64016,0
137272,0
96448,1
134214,0
127408,0
115164,0
154060,0
100588,0
154191,0
133233,0
110072,0
75597,0
122041,0
109202,0
71644,1
113050,0
139713,0
146353,0
71399,1
150120,0
146960,0
97028,0
103386,0
72923,0
100690,0
79120,0
101593,0
84785,0
114685,0
61256,0
118109,0
136857,0
78741,0
95633,0
123194,0
90553,0
85489,1
99474,0
89352,0
96666,0
67004,0
122162,0
119545,0
144315,0
79118,0
94269,0
142578,0
142673,0
69417,0
105053,0
80077,0
70855,0
86103,0
147561,0
60115,0
60111,0
101682,1
114004,0
73811,0
151329,0
77779,0
145161,0
97934,0
153182,0
124034,0
93215,0
138921,0
124733,0
67046,1
69923,0
83543,0
78312,0
98637,0
133404,0
107229,0
95580,0
125452,0
80865,0
56310,0
67651,0
63975,0
157437,0
111771,0
150848,0
115259,0
56382,0
76177,0
133391,0
88468,0
104608,0
139888,0
148108,0
139919,0
80366,0
150500,0
91320,0
63444,1
93599,0
146489,1
114667,0
130794,0
106765,0
123537,0
85832,0
101896,0
134313,0
75364,0
90496,0
97554,0
58351,0
120299,0
71950,0
152825,0
57576,0
137464,0
130394,1
154762,1
75731,0
156028,0
93857,0
75101,0
152582,0
83159,0
88061,0
102420,0
70398,0
61153,0
64273,0
146662,0
85612,0
69090,0
111256,0
111719,0
93569,0
74614,0
135711,0
84255,0
132511,0
101358,0
111072,0
60122,0
60205,0
116894,0
94140,0
117794,0
93122,0
92396,0
93944,0
60689,0
91718,0
109645,1
126885,0
88983,0
142000,0
101007,0
75860,0
101050,0
155679,0
115048,0
120244,0
120088,0
136596,0
69363,0
146216,0
121167,0
102114,0
151173,0
88880,0
75533,0
139247,0
127923,0
72027,0
157547,0
80312,0
156692,1
149888,0
136759,0
154505,0
87387,0
59989,0
65715,0
126861,0
110209,0
120340,0
58425,0
132800,0
154666,0
110472,0
61590,0
134943,0
71674,0
119632,0
157100,0
142989,0
112760,0
105292,0
70903,0
71764,0
103708,0
57539,0
74955,0
127183,0
128080,0
117432,0
69358,0
78940,0
145041,0
87267,1
59845,0
84473,1
149413,0
113075,0
84383,0
126968,0
105433,0
72514,0
81261,0
123999,0
140753,0
109681,1
151324,0
73857,0
78706,0
141175,0
84417,0
157157,0
68374,0
77986,0
123313,0
111013,0
87351,0
155488,0
157823,0
113844,0
145261,0
59354,0
98146,1
115418,0
79963,0
121468,0
136695,0
101247,0
135311,0
133241,0
106788,0
60306,0
87986,0
92287,0
119497,0
143568,0
114313,0
144887,0
76339,0
66605,0
73708,0
95607,0
115618,0
116749,0
132162,0
107979,0
110275,0
93696,1
84981,0
96467,0
78337,0
72335,0
135538,0
80739,0
156521,0
59525,0
83983,0
140530,0
69516,0
65621,0
63746,0
60778,0
143940,0
127953,0
99808,0
142666,0
110775,0
80823,0
135664,0
78549,0
97059,0
76747,0
83394,0
142526,0
119589,0
86253,0
148421,0
99338,0
70796,0
140791,1
139892,0
129104,0
107888,0
74418,0
128788,0
104149,0
88677,0
83582,0
145900,0
99479,0
107898,0
143977,0
91834,0
114901,0
149144,0
77300,0
147800,0
98828,0
94173,0
94019,0
124843,0
60989,0
64219,0
78661,0
156318,0
73278,0
74042,0
133177,0
62626,0
94041,0
130482,0
66289,0
76351,0
85906,0
72276,0
114271,0
112186,0
127697,0
90027,0
108922,0
91341,0
81495,0
134348,0
148874,0
57073,0
133970,0
118858,0
88995,0
86144,0
132226,0
80215,0
61015,0
123144,0
113775,0
60406,0
84027,0
69243,0
64421,0
146091,0
65005,0
123134,1
114742,0
138987,0
144690,0
100597,0
99386,0
76880,0
120354,0
63950,0
94798,0
94917,0
90511,0
156554,0
130631,0
61189,0
120268,0
112656,0
148144,1
153772,0
136979,0
140048,0
81263,0
108231,0
105963,0
94078,0
128180,0
74079,0
128597,0
130377,0
151726,0
111818,0
64152,0
112019,0
158074,0
92148,0
75383,0
136782,0
130886,0
103786,0
132922,0
63450,0
103205,0
74813,0
136228,0
151757,0
118445,0
80359,1
65282,0
82316,0
113699,0
145919,0
93442,0
63652,0
148732,0
146593,0
130203,0
142289,0
111594,0
142324,0
156398,0
88621,0
113860,0
148156,0
95381,0
155165,0
81736,0
61259,1
129983,1
96828,0
95421,0
78913,0
113502,0
105460,0
75695,0
84464,0
126483,0
117916,0
110534,0
64938,1
113573,0
155144,0
129865,0
128855,0
103941,0
125366,0
141936,0
75300,0
123814,0
102286,0
59905,0
145303,0
151587,0
83891,1
82645,0
72506,0
150656,0
135519,0
152948,0
99864,1
140494,0
157722,0
71439,0
93982,0
96900,0
75037,0
155387,0
105307,1
104785,0
81954,0
118228,0
157343,0
73104,0
81773,0
111128,0
78709,0
112966,0
122804,0
119738,0
58514,0
85361,0
108633,0
87977,0
127816,0
93194,0
130084,0
117731,0
118872,0
80349,0
150197,0
81851,0
101093,0
94521,0
97981,0
81394,0
106775,0
94986,0
93387,0
146120,0
135732,0
75295,0
126349,0
134038,0
126003,0
153107,0
74109,0
99480,0
120512,0
128976,0
136559,1
59286,0
93882,0
138749,0
97925,0
111407,0
154554,0
72313,0
138107,0
89125,0
143862,0
119880,0
154004,0
149841,0
95073,0
97806,0
139206,1
62373,0
59902,0
94862,0
141832,0
72675,0
146242,0
150775,0
105493,0
89149,0
95649,0
109030,0
131143,0
58885,0
74803,0
124164,0
78097,0
132494,1
93495,0
156112,1
130283,0
103614,0
129302,0
155778,0
148558,0
144987,0
114671,0
79098,0
96510,0
130601,0
148129,0
71998,0
139047,0
83219,0
69367,0
80997,0
115011,0
153514,0
134562,0
96240,0
97508,1
130898,0
147861,0
57154,0
74377,0
143006,0
88310,0
129748,1
79714,0
59779,0
143287,1
68412,0
71994,0
151068,0
70150,0
112122,0
115394,0
154832,0
104918,0
59026,0
119450,0
126039,0
115861,0
93603,0
65140,0
105823,0
119256,0
103312,0
80350,0
64097,0
126566,0
73465,0
101466,0
140663,0
143643,0
125036,0
113299,0
136925,0
89507,0
99250,0
140936,0
124316,0
92726,0
87934,0
81935,0
153100,0
63919,0
65280,0
121684,0
92154,0
124064,0
111487,0
56635,0
88735,0
117253,0
125950,0
128304,0
134531,0
152789,0
77691,0
138177,0
157202,0
144973,0
66574,0
148030,0
104348,0
103311,0
155640,0
81732,1
142723,0
58360,0
146897,0
70865,0
118602,0
81469,0
134353,1
137755,0
102585,0
93489,0
148324,0
150796,0
81467,0
71477,0
83260,0
147057,0
99422,0
61063,0
153201,0
111763,0
110855,0
136137,0
74036,0
77500,0
134589,0
143184,0
99298,0
124481,0
71327,0
138387,0
139215,0
67871,0
115777,0
123053,0
147438,0
142299,0
100147,1
112826,0
128162,0
121667,1
100779,0
90887,0
143015,0
135540,0
98371,0
120427,0
90268,1
60929,0
101193,0
111439,0
148599,0
155983,0
154665,0
67099,0
127582,1
58333,0
67634,0
156682,0
83930,0
146332,0
98183,0
127878,0
156976,0
124941,0
74129,0
147087,0
148020,0
154938,0
94257,0
82931,0
60138,0
105451,0
67767,0
91403,0
107778,0
106483,0
120347,0
105724,0
150645,0
157624,0
134753,0
123858,0
83098,0
74691,0
129020,0
140454,0
130643,0
84535,0
58128,0
102574,0
83935,0
75240,0
127562,1
142212,0
150338,0
73714,1
132733,0
58690,0
134734,0
77641,0
92138,0
131735,0
71478,0
83941,0
67169,0
98425,0
67189,0
130619,0
74403,0
82117,0
140268,0
141315,0
132742,0
69324,0
84957,0
107312,0
59467,0
149066,0
79848,0
116295,0
107914,0
88206,1
96734,0
130159,0
71677,0
126763,0
61416,0
98971,0
127695,0
127485,1
127546,1
85990,0
93292,0
80212,0
91706,0
128245,0
145580,0
136209,0
71782,0
57259,0
81328,0
56875,0
151403,0
134255,0
151013,0
78461,0
101014,0
97482,0
113179,1
131381,0
62457,0
58419,0
112544,0
105893,0
113779,0
154144,0
72393,0
138013,0
123047,0
117502,0
99322,0
133286,0
140213,0
83707,0
129066,0
93201,0
110793,0
61380,0
87612,1
107468,0
130442,0
156062,0
83751,0
81853,0
105574,0
61920,0
116931,0
90667,0
128293,0
121549,0
84419,0
78797,0
116611,0
80209,0
61316,0
145355,0
151421,0
107173,0
105129,0
109780,0
83871,0
110193,0
147892,0
111772,0
78527,0
130895,1
59011,0
129436,0
92684,0
57885,0
94860,0
84089,0
94802,0
88519,0
112128,0
108221,0
76682,0
146473,0
70483,0
150546,0
81070,0
60847,0
65873,0
93886,0
103048,0
112416,0
149915,0
132532,0
116214,0
115852,0
85799,0
134742,0
126863,0
111479,0
74605,0
135296,1
88019,0
73559,0
113410,0
157219,0
80185,0
119974,0
73954,0
155068,0
118544,0
148459,0
128343,0
62166,0
86627,0
142748,0
125765,0
59985,0
63915,0
135900,0
78619,0
109187,0
86596,0
69077,0
133728,0
155403,0
103203,1
143667,0
127165,0
136494,0
80106,1
133653,0
145546,1
133204,0
66086,0
66772,0
120399,0
106899,1
116674,0
145099,0
96602,0
121319,0
131171,0
60291,0
155116,0
157507,0
90837,0
128798,0
116064,0
141243,0
80262,0
147614,0
63840,0
95542,0
69423,0
137360,0
109716,0
72320,0
137979,0
83753,0
103926,0
157326,0
97513,0
60579,0
82950,0
66689,1
150189,0
133449,0
87066,0
92423,0
139526,0
145283,0
68764,0
123765,0
72904,0
149370,1
92708,0
72962,0
116102,0
99753,0
96496,0
110659,0
153124,0
134761,0
129570,0
89024,1
156290,0
59039,0
122046,0
96194,0
134355,0
67538,0
147731,0
156943,0
66122,0
119018,1
71454,0
94426,0
132102,0
107403,1
135878,0
120853,1
63832,0
134646,0
153622,0
63428,0
126379,0
63519,0
130349,0
122221,0
87104,0
85695,0
103389,0
121638,0
95207,0
68671,0
86437,0
133428,0
63383,0
57141,0
66123,0
129710,0
61657,0
111588,0
126248,0
124139,0
126740,0
64785,0
128502,0
93219,0
72255,0
93275,0
94927,0
113385,0
147952,0
156924,0
84407,0
90300,0
132724,0
64623,0
58507,0
103432,0
155689,0
106864,0
61486,1
58438,0
56685,0
101905,0
68200,0
67199,0
150931,0
68049,0
74672,0
142716,0
98071,0
95760,0
127403,0
144008,0
122672,1
88414,0
108570,0
94870,0
96626,0
95881,0
148060,0
58739,0
92129,0
90631,0
138636,0
82346,0
121607,0
86059,0
143927,0
124108,1
58107,0
89616,0
66552,0
69160,0
73568,0
151506,0
154036,0
138547,0
149393,0
93786,0
116308,0
56730,0
151635,0
110831,0
60939,0
66233,0
87859,0
86979,0
81446,0
89411,0
69217,0
70733,0
141454,1
116624,0
127106,1
96189,0
111099,1
131710,0
146882,0
90476,0
129877,0
72672,0
140277,0
103176,0
136004,0
85630,0
123941,0
150962,1
75099,0
154177,0
149925,0
136988,0
146411,0
153945,0
113764,0
70036,0
127921,0
140525,0
132161,0
124202,0
137292,0
82964,0
156794,0
157907,1
110109,0
113634,0
65538,0
92877,0
142732,0
120123,0
125158,0
102052,1
60103,0
145608,0
76594,0
96775,0
67396,0
122009,0
152848,0
106986,0
111948,0
72298,0
60253,0
158138,0
108766,0
99584,0
79831,0
122303,1
95108,0
72977,0
88162,0
60307,0
113209,0
122173,0
140917,0
126702,0
74724,0
144784,0
123348,0
114019,0
108893,0
124861,0
145766,0
94350,0
65115,0
111077,0
126050,0
133954,0
131513,0
106663,0
63858,0
130151,0
154724,0
92232,0
118975,0
138898,0
58500,0
151893,0
137123,0
157024,0
143997,0
115750,0
111324,0
125849,0
94740,0
82742,0
70826,0
151503,0
144640,0
70291,0
112395,0
110832,0
146361,0
122929,0
131210,0
130589,0
59371,0
72727,0
113760,0
122996,0
86734,0
64593,0
62231,0
125506,0
157927,0
62038,0
151190,0
66563,0
74460,0
110798,0
78723,0
96889,0
112571,0
81194,0
94691,0
105365,0
104496,0
113311,0
78303,0
99975,1
155693,0
113720,0
103186,0
83096,0
137683,0
146869,0
81911,0
75021,0
141643,0
77541,0
146780,0
113623,0
87419,0
135775,0
108769,0
84874,0
92891,0
107878,0
138991,0
154835,0
143173,0
72153,0
67501,0
62407,0
149635,1
65680,0
138021,0
77294,0
85111,0
57547,0
68874,0
104609,0
117673,0
129741,0
116026,1
103710,0
156300,0
153091,0
110766,0
111131,0
110971,0
152349,0
65491,0
70958,0
150395,0
104973,0
72477,0
91361,0
84578,0
155323,0
121011,0
106195,0
79683,0
65061,0
143427,0
111568,0
138450,0
126598,0
57530,0
70696,0
111825,0
98808,0
120696,0
80800,1
70358,0
63416,0
124607,1
138756,0
94048,0
144380,0
123316,0
71900,0
96649,1
72445,0
83124,0
151277,0
59199,0
97763,0
110073,0
126692,0
119466,1
67166,0
138654,0
151053,0
102918,1
83555,0
131458,0
90010,0
113230,0
114071,0
59506,0
94609,0
115829,0
102360,0
57862,0
101207,0
100422,0
147394,0
82655,0
143160,0
71077,0
71468,0
133076,0
106754,0
68499,0
88209,1
103485,0
76242,0
80662,0
66350,0
57396,0
94055,0
79129,0
111280,0
70245,0
141873,0
101796,0
122858,0
63800,0
129200,0
74407,0
153033,0
81573,0
106855,0
103871,0
69902,0
134689,0
82935,0
140331,0
111569,0
145422,1
143132,0
108411,0
94508,0
136237,0
110124,0
96403,0
62767,0
73839,0
71209,1
131916,0
131602,0
69438,0
137134,0
87862,0
155124,0
66581,0
89754,0
83830,0
124584,0
112347,0
133226,0
111075,0
135111,1
93160,0
79234,1
128519,1
145069,0
92904,0
71554,0
147652,0
90254,0
124215,0
75989,0
88439,1
99331,0
71939,0
64628,0
82504,0
132084,0
93571,0
94434,0
139578,0
103058,0
143602,1
121849,0
73344,0
74201,0
66762,0
121347,0
111451,0
104897,0
107308,0
133082,0
142915,0
132008,0
87713,0
151638,0
110662,0
81610,0
141304,0
128899,0
82918,0
87121,1
138057,0
96481,0
155972,0
141480,0
68169,0
109939,0
66726,0
90136,0
136069,0
150636,0
73490,0
135553,0
113382,0
146178,1
131965,0
59193,0
143450,0
84061,0
120892,0
133464,0
119560,1
145174,0
140972,0
103596,0
66269,0
149034,0
91993,0
116615,0
154301,1
154546,0
93514,0
155991,0
113667,0
61352,0
103317,0
106870,0
121028,0
90666,0
60785,1
103040,0
67770,0
103891,0
62806,0
151165,0
104133,0
110946,0
84691,0
81306,0
62732,0
105118,1
115808,0
115823,0
104474,0
60954,1
134446,0
153174,0
142080,0
90606,1
126860,0
76236,0
155248,0
117465,0
145656,0
153989,0
126494,0
91274,0
100550,0
61371,0
135656,0
88672,0
111983,0
69354,0
57460,0
154228,0
95339,0
89156,0
90108,0
114727,0
68962,0
89281,0
136215,0
96854,0
105672,0
134462,0
122482,0
67162,0
63899,0
98043,0
103245,0
105975,0
80016,0
57790,0
78430,0
103923,1
91048,0
85402,0
112047,0
82011,0
58839,0
154525,0
61451,0
58388,0
107181,0
87609,0
155032,1
149201,0
59186,0
88023,0
97706,0
153984,0
61634,0
110368,0
89262,0
143289,0
107824,0
86471,0
76468,0
96065,0
96363,0
62303,1
121033,0
112593,0
156133,0
76830,0
100994,0
123189,0
77732,0
84479,0
117395,0
149850,0
68558,0
79491,0
97785,0
119100,0
80514,0
76046,0
136768,0
134009,0
84575,0
102300,0
60623,0
78310,0
150465,0
65073,1
113036,0
139447,0
69825,0
144703,0
67520,0
115999,1
90844,0
109621,0
60940,0
156313,0
68282,0
130218,0
110489,0
116715,0
138009,0
114385,0
91378,0
79645,0
153625,0
156618,0
104150,0
72213,0
112174,0
73225,0
100148,0
97359,0
120631,0
83066,0
91220,0
67550,0
107861,0
125494,0
118139,0
70058,0
118387,0
114205,0
126764,0
137678,0
81440,0
123750,0
59268,0
106454,0
82101,0
112884,0
133962,0
92477,0
93493,0
137875,0
127210,0
138598,0
67125,0
94193,0
81797,0
121708,0
148711,0
115873,0
119869,0
80659,0
95137,0
102230,0
99989,0
136813,0
146147,0
134837,0
147481,0
139879,0
142645,0
117625,0
139698,0
139052,0
148193,0
128534,0
98906,0
123255,0
134920,0
120947,0
84263,0
122699,0
95269,0
83987,0
151898,0
78472,0
148737,0
86020,0
69448,0
76267,0
79472,0
156471,0
133940,0
136718,0
127238,0
129286,0
128849,0
113115,0
84782,1
122365,0
109955,0
139670,0
76504,0
121519,0
144641,0
57404,0
67219,0
99393,0
150492,0
127024,0
118359,0
68433,0
118640,0
96750,1
152548,1
90802,0
116978,0
94665,0
136489,0
58468,0
83587,0
87788,0
97196,0
136368,0
102142,0
141929,0
154121,1
57886,0
122182,1
113728,0
106756,0
124437,0
146327,0
157992,0
91554,0
98948,0
98073,0
123870,0
120786,0
66037,0
102978,0
69437,0
133034,0
112454,0
150166,0
70347,0
117699,0
57888,0
142742,0
74748,0
101398,0
127344,0
120566,0
83693,0
133355,0
79574,0
122177,0
130263,0
122116,0
142027,0
106834,0
113580,0
69073,0
68516,0
85413,0
111516,0
91009,1
122534,0
133079,0
149962,0
77341,0
84172,0
86708,0
90080,0
75647,0
101996,0
91007,0
69914,0
107441,0
72095,0
144158,0
102974,0
65775,0
139510,0
110210,0
94160,0
140027,0
124326,0
95791,0
148074,0
74104,0
73918,0
135785,0
130769,0
85275,0
74151,0
92955,0
150419,0
148821,0
146710,0
126909,0
129613,0
57158,0
152837,0
132467,0
82040,0
114115,0
63157,0
120945,0
83228,0
151891,0
65712,0
107688,0
145848,0
112339,0
88765,1
144147,0
108797,0
141383,0
153333,0
88654,0
152544,0
154399,0
98977,0
136712,0
96017,0
146601,0
88862,0
66908,0
156795,0
104858,0
99893,0
75799,0
67027,1
74873,0
121940,0
91383,0
89088,0
77577,0
123435,1
105410,0
142908,0
112060,0
115500,0
85322,0
58598,1
68320,1
86910,0
104601,0
86515,0
155935,1
70975,0
98176,0
142586,0
133851,0
153774,0
71889,0
157407,0
95229,0
89549,0
74466,0
108761,0
137264,0
147993,0
65490,1
56470,0
126564,1
108725,0
153292,0
120254,0
70096,0
111142,0
93760,0
77810,0
119983,0
113405,0
88632,0
98704,0
157284,0
59406,0
113312,0
131520,0
111918,0
93006,0
152890,0
137623,0
83665,0
56567,0
113551,0
56554,1
142607,0
136231,0
103161,0
69940,1
84461,0
121135,0
108825,1
135310,0
74713,0
147673,0
141382,0
91229,0
113022,0
153743,0
97151,0
104172,0
74426,0
133831,0
107470,1
86783,0
58398,0
155043,0
97095,0
104704,0
128007,0
62746,0
123544,0
96559,0
60844,0
69988,0
123382,0
108063,0
145845,0
59646,0
100516,0
145798,0
116202,0
69496,0
67109,0
75260,0
61353,0
136999,0
63739,1
123270,0
130305,1
107444,0
82219,0
93439,0
98092,0
108194,0
62571,0
99896,0
134167,0
78852,0
103449,0
83664,0
119453,0
99160,0
130864,0
115172,0
64809,0
121183,0
80180,0
58486,0
147521,0
84998,0
105228,0
89053,0
134206,1
140438,0
73461,0
108900,0
110804,0
150023,0
139963,0
90625,0
67145,0
116134,0
146376,0
144313,0
75603,0
130770,0
88029,0
83024,0
109950,0
155093,0
91614,0
140413,0
100278,0
107666,0
62317,0
123887,0
131125,0
71215,0
137871,0
104282,0
80347,0
149368,0
156721,0
68134,0
97688,0
149161,0
132216,0
136745,0
96399,0
105609,0
84455,0
125438,0
103952,0
136492,0
112367,0
74989,0
70657,0
56504,0
64659,0
79590,0
60529,0
94800,0
87146,0
125283,0
153197,0
129896,0
70787,0
124119,0
140704,0
121208,0
116842,0
103769,0
94366,0
57345,0
82962,0
76998,0
124626,0
81812,1
60602,0
149234,0
59009,0
71262,0
95754,1
75546,0
130380,0
127914,0
140533,0
77788,0
81582,0
148104,0
84659,0
126610,0
119674,1
145917,0
134968,0
147551,0
132700,0
148816,0
87501,0
146969,0
123269,0
118657,0
137250,0
131173,0
107202,0
97195,0
97540,0
89642,0
152195,0
135587,0
69938,0
111267,0
120676,0
136967,0
122551,0
137781,0
125282,0
90161,0
113304,0
71287,0
108005,0
86762,0
79948,0
83971,0
127571,0
85745,0
74199,0
116857,0
114775,0
151797,0
104310,0
108111,0
66116,0
138027,0
133909,0
123415,0
89331,0
99484,0
136447,0
72200,0
124719,0
79605,0
118363,0
66767,0
122965,0
118819,0
102026,0
108757,0
66578,0
127552,0
100092,0
90486,0
153283,0
112069,0
136554,0
93339,0
86706,0
157410,0
125192,0
79077,1
116946,1
92270,0
143587,0
94121,0
69789,0
128809,0
67022,0
60657,0
146777,0
138662,1
147048,0
107680,0
89357,0
113028,0
155755,0
109368,0
94756,0
59995,0
96440,0
88511,0
93861,0
146708,0
126150,0
123222,0
144869,0
121823,0
89760,0
75582,0
145555,0
104989,0
56655,0
95668,1
149921,0
63334,0
108059,0
74080,1
149169,0
136035,0
117741,0
111015,0
127794,0
60272,0
92009,0
91526,0
140062,0
151498,0
139511,0
108978,0
72979,0
155824,0
61716,0
91904,0
104157,0
74692,0
90382,0
115888,0
146103,1
63304,0
82044,0
152317,0
151950,0
87111,0
127566,0
106040,0
153780,0
126745,0
85234,0
76306,0
120066,0
60548,0
72164,0
141456,0
126620,0
74464,0
136518,0
96500,0
56858,0
149881,0
133536,1
107621,1
81624,0
148051,0
102921,0
64540,0
85185,0
89951,0
151862,0
157078,0
138857,0
131897,0
83317,0
63648,0
130986,0
98654,0
128490,0
134003,0
83141,0
78232,0
84153,0
83720,0
83859,0
135651,0
138306,0
123067,0
60476,1
124725,1
156485,0
87993,0
83051,0
57891,0
73364,0
93903,1
113088,0
64272,0
96998,0
155825,0
70392,0
103118,0
114043,0
96092,0
70393,0
76637,0
122098,0
141475,0
57368,0
60040,0
62896,0
67428,0
120391,0
58161,0
72993,0
123622,0
81012,0
80779,0
113841,0
76120,0
69392,0
77568,0
115721,0
135492,0
83423,0
126849,0
116451,0
95029,0
115992,0
131373,0
150890,0
108064,0
126093,0
72745,0
133492,0
122759,0
74134,0
85334,0
68325,0
110587,0
124618,0
136413,0
75338,0
145173,0
137278,0
108651,0
114113,0
151710,0
154013,0
150821,0
129562,1
90368,0
157180,0
111999,0
113072,0
147197,0
84969,0
86220,0
129517,1
67671,0
136464,0
122692,0
80056,0
112965,0
105876,0
74590,0
133468,0
70614,0
105249,0
77942,0
152933,0
116442,0
110604,0
132847,0
88797,0
78481,0
82843,0
92261,0
149644,0
60194,1
73041,0
130275,0
154788,0
118795,0
106513,0
136104,0
155026,0
89921,0
66746,0
97609,0
76816,0
112911,0
69760,0
88471,0
146893,0
90477,0
109249,0
72485,0
125859,0
122557,0
58995,0
111911,0
121822,0
85818,0
75943,0
149326,0
100088,0
73455,0
92931,0
110762,0
137518,0
66386,0
123875,0
77086,0
146458,1
146131,0
145957,0
61511,0
121396,0
115903,0
145160,0
147996,0
72254,1
149606,1
135359,0
98547,0
74876,0
61974,0
82121,0
101237,0
152555,0
103882,0
120441,0
156392,0
68176,0
145025,0
122616,0
125933,0
135097,0
57918,0
120367,0
130788,0
74895,0
102959,0
139942,0
112113,0
69931,0
140842,0
78052,0
118046,1
135956,0
99150,0
131486,1
128129,1
138677,0
72561,0
155546,0
121116,0
129000,0
124136,0
97491,0
145323,0
108123,0
69237,0
120952,0
124288,0
122306,0
142583,1
92082,0
97025,0
148175,0
156127,1
155055,1
134280,0
134532,0
103222,0
64603,0
66417,0
138517,0
94743,0
59942,0
82388,0
114923,0
63186,0
61304,0
80667,0
80257,0
147158,0
148058,0
59603,0
88574,0
90530,0
140421,0
119783,0
133897,0
74267,0
148122,0
103466,0
122547,0
125628,0
92271,0
142730,0
82904,0
96951,0
90184,0
62090,0
73378,0
63505,0
81852,0
157714,0
83268,0
99933,0
148922,0
103173,0
104931,0
133058,0
115116,0
142582,0
126359,0
150872,1
140071,0
104246,0
122263,0
76873,0
129234,0
103353,0
62469,0
94302,0
89052,0
146749,1
153183,0
61329,0
150009,0
71404,0
86492,0
81965,0
130740,0
115901,0
137797,0
86325,0
105314,0
88662,0
127156,0
102828,0
107484,0
120500,0
66749,0
154714,0
116497,0
121797,0
144906,0
74927,0
75917,0
147000,0
79548,0
101931,0
138837,0
141869,0
156276,0
139786,0
61613,0
136661,0
64787,0
63272,0
94900,0
144142,0
129974,0
98639,0
152701,1
80602,0
156985,0
142791,0
95186,0
114356,0
68263,0
111411,0
79779,0
144916,0
125136,0
124138,0
138084,0
110316,0
83431,0
146752,0
86527,0
140686,0
128961,0
112734,0
113932,0
120547,0
108572,0
128768,0
76009,0
66646,0
73154,0
67504,0
76818,0
120256,0
77760,0
146682,0
103155,0
137490,0
147267,1
137726,0
88219,0
59581,0
126410,1
72290,0
120561,0
81655,0
120585,0
70279,0
106835,0
68159,0
62670,0
126426,0
89812,0
57322,0
77052,0
156941,0
57554,0
124351,0
155025,0
86974,0
111977,0
107034,0
71131,1
152630,0
100295,1
104773,0
134893,0
131276,1
151931,0
145989,0
61693,0
137953,0
128599,0
143387,0
137093,0
148185,0
99998,0
111088,0
152561,0
104462,0
139795,0
107175,0
112645,1
57512,0
102848,1
147816,0
128090,0
64327,0
106562,0
135624,0
125761,0
72674,0
157568,0
116484,0
128920,0
136462,0
98902,0
119971,0
63091,0
140939,1
69405,0
142460,0
128282,0
114378,0
81011,1
140227,0
119801,1
86586,0
134745,0
120667,0
99404,0
124786,1
130558,0
139309,0
102294,0
66649,0
59282,0
77563,0
74758,0
137594,0
109602,0
156078,0
86874,0
128387,0
152566,0
144891,0
126698,0
92928,0
77729,0
70031,0
115304,0
77217,0
102391,0
156803,0
68487,0
94334,0
68905,0
141707,0
84809,0
88508,0
156107,0
59754,0
141290,0
69542,0
109094,0
141230,0
116441,0
113163,0
134087,0
128915,0
122890,0
102133,0
156125,0
58099,0
121045,0
62069,0
122819,0
117634,0
96446,0
157084,0
85546,0
105436,0
72038,0
150397,0
85354,0
58788,0
121091,0
94045,0
119594,0
151377,0
67856,0
124191,1
134611,0
126178,0
101975,0
63721,0
79549,0
79684,0
123115,0
82510,0
81348,0
113415,0
132197,0
103521,1
133217,1
75070,0
70030,0
141806,0
155155,0
89690,0
76711,0
69900,0
130804,0
86905,0
101432,0
148305,0
92195,0
146124,0
83762,0
104411,0
116544,0
68290,0
148434,0
148642,0
61465,0
137255,0
144075,0
151108,0
86566,0
109934,0
127269,0
112341,0
120906,0
87613,0
134060,0
149590,0
157386,0
65355,0
95059,0
132269,0
83238,1
66252,0
82018,0
117332,0
86002,0
96575,0
82868,0
103451,0
101252,0
145321,1
99051,0
129404,0
63054,0
156268,1
66054,0
62789,0
82083,1
92717,0
104684,0
72527,0
155153,0
156365,0
138626,0
158197,0
115503,0
59774,0
112199,0
92506,0
126211,0
78438,1
78976,0
58297,0
137282,0
127046,0
80377,0
112570,0
152366,0
139736,0
145797,0
72385,0
139920,0
146310,0
153087,0
108690,0
110541,0
115501,0
147360,0
72411,1
137103,0
59660,0
139445,0
100665,0
99419,0
121390,0
123672,0
120564,0
99462,0
111254,0
154138,0
107252,0
99293,0
58679,0
157631,0
82863,0
59133,0
75491,0
114501,1
153202,0
89822,0
130253,0
106030,0
84323,0
135773,1
99116,0
149982,0
74255,0
91869,0
145541,0
145415,0
142103,0
127627,0
119310,1
79179,1
95976,0
73890,0
113280,0
155350,0
113265,0
93225,0
99468,0
154076,0
121026,0
149315,0
77593,0
89004,0
157763,0
72042,0
96056,0
77087,0
147953,0
101901,1
151978,0
94905,1
74341,0
146840,0
146189,0
59118,0
150085,0
64407,0
98408,0
145225,0
69816,0
126892,0
116375,0
113369,0
73485,0
142279,0
125705,0
103887,0
115955,0
127376,0
89775,0
139081,0
95846,0
111505,0
144090,0
154591,0
63591,0
104634,0
72856,0
65257,0
137284,0
158093,0
110823,0
125526,0
63459,0
151495,0
88408,0
155233,0
64161,0
139664,0
116559,0
113809,0
128772,0
146437,0
151367,0
56569,1
152061,0
145367,0
85195,0
110852,0
146835,0
108728,0
86323,0
157767,0
110507,0
140693,0
154698,0
84317,0
65696,1
132770,0
123359,0
144645,0
99682,0
95149,0
77598,0
127497,0
73211,1
147178,0
100847,0
111814,0
69747,0
74290,0
145963,1
108026,0
75053,0
84099,0
111224,0
84295,0
143573,0
95728,0
130657,0
119991,0
121611,0
141276,0
71282,0
71315,0
58582,0
87655,0
71067,0
145774,0
71153,0
118479,0
83109,0
141928,0
112038,0
124714,0
157430,0
87967,0
93614,0
72235,0
138877,0
81756,0
